time,signal
0.0,0.1649
0.01,0.0913
0.02,0.4993
0.03,0.3299
0.04,0.4205
0.05,0.678
0.06,0.6694
0.07,0.6838
0.08,0.8108
0.09,0.9564
0.1,0.8305
0.11,1.0669
0.12,0.8932
0.13,1.0958
0.14,1.075
0.15,0.9997
0.16,4.7641
0.17,0.7359
0.18,0.8388
0.19,0.5985
0.2,0.4908
0.21,0.5295
0.22,0.2944
0.23,0.2097
0.24,0.0545
0.25,0.1513
0.26,-0.2405
0.27,-0.2851
0.28,-0.3336
0.29,-0.5686
0.3,-0.4771
0.31,-0.7763
0.32,-0.8011
0.33,-0.904
0.34,-0.8049
0.35000000000000003,-0.999
0.36,-1.0777
0.37,-0.9841
0.38,-0.9072
0.39,-1.1423
0.4,-1.0036
0.41000000000000003,-1.0926
0.42,-0.9842
0.43,-0.7633
0.44,-0.6942
0.45,-0.5812
0.46,-0.5253
0.47000000000000003,-0.3524
0.48,-0.2404
0.49,-0.0699
0.5,0.0244
0.51,0.1641
0.52,0.1806
0.53,0.3149
0.54,0.4654
0.55,0.5715
0.56,0.7315
0.5700000000000001,0.644
0.58,1.0154
0.59,1.0623
0.6,1.057
0.61,0.9788
0.62,1.0102
0.63,1.0687
0.64,0.6682
0.65,0.8356
0.66,0.8487
0.67,0.895
0.68,0.6996
0.6900000000000001,0.6133
0.7000000000000001,0.409
0.71,0.4995
0.72,0.3582
0.73,0.1939
0.74,0.0806
0.75,0.1228
0.76,0.0794
0.77,-0.267
0.78,-0.1621
0.79,-0.6355
0.8,-0.6042
0.81,-0.76
0.8200000000000001,-0.65
0.8300000000000001,-0.8575
0.84,-0.7707
0.85,-1.054
0.86,-1.0339
0.87,-1.023
0.88,-0.9774
0.89,-0.8289
0.9,-0.9545
0.91,-0.9733
0.92,-0.7679
0.93,-0.6984
0.9400000000000001,-0.6077
0.9500000000000001,-0.5547
0.96,-0.5099
0.97,-0.4034
0.98,-0.2778
0.99,-0.2071
1.0,-0.157
1.01,0.0855
1.02,0.3388
1.03,0.2373
1.04,0.299
1.05,0.7075
1.06,0.6044
1.07,0.5662
1.08,0.8211
1.09,0.9237
1.1,1.1692
1.11,0.9581
1.12,0.8838
1.1300000000000001,0.9894
1.1400000000000001,0.8756
1.1500000000000001,0.8283
1.16,0.8294
1.17,0.7515
1.18,0.735
1.19,0.6954
1.2,0.6946
1.21,0.4859
1.22,0.2671
1.23,0.4123
1.24,0.2293
1.25,-0.0462
1.26,0.0662
1.27,-0.5075
1.28,-0.2896
1.29,-0.6144
1.3,-0.5269
1.31,-0.8623
1.32,-0.8684
1.33,-0.6914
1.34,-0.9661
1.35,-0.9984
1.36,-0.9057
1.37,-0.9569
1.3800000000000001,-0.99
1.3900000000000001,-1.0094
1.4000000000000001,-0.7909
1.41,-1.0133
1.42,-0.8654
1.43,-0.7317
1.44,-0.8639
1.45,-0.5752
1.46,-0.6775
1.47,-0.2339
1.48,-0.4186
1.49,0.016
1.5,0.0259
1.51,0.1299
1.52,0.3372
1.53,0.2194
1.54,0.4162
1.55,0.5484
1.56,0.6468
1.57,0.8947
1.58,0.8997
1.59,0.7967
1.6,0.9637
1.61,0.9325
1.62,0.9347
1.6300000000000001,1.1161
1.6400000000000001,0.8463
1.6500000000000001,1.1338
1.6600000000000001,0.9715
1.67,1.043
1.68,0.8527
1.69,0.934
1.7,0.4834
1.71,0.4509
1.72,0.4694
1.73,0.2824
1.74,0.1207
1.75,-0.1005
1.76,-0.303
1.77,-0.2798
1.78,-0.4496
1.79,-0.5967
1.8,-0.3701
1.81,-0.6115
1.82,-0.726
1.83,-0.9526
1.84,-0.9269
1.85,-1.0073
1.86,-1.0953
1.87,-0.9614
1.8800000000000001,-0.963
1.8900000000000001,-0.879
1.9000000000000001,-0.9046
1.9100000000000001,-0.8612
1.92,-0.8821
1.93,-0.6645
1.94,-0.7682
1.95,-0.4953
1.96,-0.6271
1.97,-0.4214
1.98,-0.1787
1.99,-0.0665
2.0,0.1009
2.0100000000000002,0.2001
2.02,0.2986
2.0300000000000002,0.4422
2.04,0.6122
2.05,0.5837
2.06,0.6219
2.07,0.7052
2.08,0.9594
2.09,0.7145
2.1,0.9433
2.11,1.1443
2.12,0.8908
2.13,1.026
2.14,1.0562
2.15,0.9454
2.16,0.9984
2.17,0.9382
2.18,0.7439
2.19,0.7747
2.2,0.6883
2.21,0.4187
2.22,0.3424
2.23,0.2555
2.24,0.2538
2.25,-0.1118
2.2600000000000002,0.0619
2.27,-0.224
2.2800000000000002,-0.386
2.29,-0.4751
2.3000000000000003,-0.5656
2.31,-0.7033
2.32,-0.6721
2.33,-0.865
2.34,-0.8338
2.35,-0.8772
2.36,-1.0661
2.37,-1.0934
2.38,-1.0895
2.39,-0.9534
2.4,-0.8585
2.41,-0.9302
2.42,-0.7677
2.43,-0.6671
2.44,-0.6729
2.45,-0.4854
2.46,-0.5732
2.47,-0.4509
2.48,-0.256
2.49,-0.0205
2.5,-0.047
2.5100000000000002,0.2636
2.52,0.2727
2.5300000000000002,0.2233
2.54,0.5198
2.5500000000000003,0.5257
2.56,0.5173
2.57,0.8754
2.58,0.9326
2.59,0.8944
2.6,0.891
2.61,0.8527
2.62,1.1856
2.63,1.1277
2.64,1.0156
2.65,0.8311
2.66,1.1015
2.67,0.7826
2.68,0.7427
2.69,0.5431
2.7,0.7447
2.71,0.6767
2.72,0.4747
2.73,0.2486
2.74,0.046
2.75,-0.1702
2.7600000000000002,0.1189
2.77,-0.4613
2.7800000000000002,-0.452
2.79,-0.3118
2.8000000000000003,-0.7066
2.81,-0.5406
2.82,-0.7525
2.83,-0.9575
2.84,-1.0417
2.85,-0.9707
2.86,-1.0561
2.87,-1.1314
2.88,-0.7908
2.89,-0.9614
2.9,-0.8132
2.91,-0.9283
2.92,-0.8434
2.93,-0.8048
2.94,-0.8211
2.95,-0.5981
2.96,-0.5084
2.97,-0.2562
2.98,-0.3459
2.99,-0.1169
3.0,-0.1153
3.0100000000000002,0.1557
3.02,0.2083
3.0300000000000002,0.3982
3.04,0.5792
3.0500000000000003,0.502
3.06,0.7627
3.0700000000000003,0.8815
3.08,1.07
3.09,0.9911
3.1,0.9447
3.11,0.9685
3.12,0.9647
3.13,0.951
3.14,1.0339
3.15,0.952
3.16,0.8913
3.17,0.8358
3.18,0.688
3.19,0.6725
3.2,0.7131
3.21,0.5741
3.22,0.3205
3.23,0.2711
3.24,0.2139
3.25,0.1251
3.2600000000000002,-0.2196
3.27,-0.3009
3.2800000000000002,-0.4279
3.29,-0.4105
3.3000000000000003,-0.742
3.31,-0.757
3.3200000000000003,-0.7443
3.33,-0.8297
3.34,-0.8301
3.35,-0.884
3.36,-1.1622
3.37,-1.1288
3.38,-0.8778
3.39,-1.0511
3.4,-0.932
3.41,-0.8326
3.42,-0.9184
3.43,-0.8757
3.44,-0.7714
3.45,-0.4962
3.46,-0.4398
3.47,-0.3271
3.48,-0.1517
3.49,-0.2613
3.5,0.0408
3.5100000000000002,0.2179
3.52,0.2452
3.5300000000000002,0.3633
3.54,0.2712
3.5500000000000003,0.58
3.56,0.7773
3.5700000000000003,0.7353
3.58,0.7506
3.59,1.0283
3.6,0.9751
3.61,0.9909
3.62,0.9534
3.63,1.08
3.64,0.8324
3.65,0.8613
3.66,1.0295
3.67,1.0045
3.68,0.9191
3.69,0.5808
3.7,0.49
3.71,0.5569
3.72,0.2316
3.73,0.3006
3.74,0.2624
3.75,0.0365
3.7600000000000002,-0.0612
3.77,-0.3086
3.7800000000000002,-0.5785
3.79,-0.6201
3.8000000000000003,-0.4259
3.81,-0.7528
3.8200000000000003,-0.7531
3.83,-0.9164
3.84,-0.7902
3.85,-0.8275
3.86,-1.1149
3.87,-0.987
3.88,-1.0635
3.89,-0.8877
3.9,-0.942
3.91,-0.9019
3.92,-0.8219
3.93,-0.9317
3.94,-0.9472
3.95,-0.6153
3.96,-0.5274
3.97,-0.5267
3.98,-0.3388
3.99,-0.1819
4.0,0.0493
4.01,0.1426
4.0200000000000005,0.3456
4.03,0.3336
4.04,0.4408
4.05,0.5404
4.0600000000000005,0.7369
4.07,0.6342
4.08,3.9056
4.09,0.9595
4.1,1.0863
4.11,1.0661
4.12,0.937
4.13,1.0361
4.14,0.7598
4.15,0.8752
4.16,0.8549
4.17,0.7191
4.18,0.7022
4.19,0.6619
4.2,0.5957
4.21,0.3832
4.22,0.3072
4.23,0.2669
4.24,0.2351
4.25,-0.0917
4.26,-0.1878
4.2700000000000005,-0.4611
4.28,-0.1869
4.29,-0.4216
4.3,-0.5691
4.3100000000000005,-0.7496
4.32,-0.7241
4.33,-0.7261
4.34,-1.055
4.3500000000000005,-0.982
4.36,-1.0497
4.37,-1.0085
4.38,-1.0453
4.39,-0.9852
4.4,-1.0023
4.41,-0.9006
4.42,-0.6655
4.43,-0.7216
4.44,-0.7297
4.45,-0.6848
4.46,-0.2754
4.47,-0.3474
4.48,-0.0297
4.49,-0.1166
4.5,0.0511
4.51,0.2795
4.5200000000000005,0.1429
4.53,0.4729
4.54,0.4614
4.55,0.5543
4.5600000000000005,0.5711
4.57,0.7848
4.58,0.8399
4.59,0.8649
4.6000000000000005,1.0424
4.61,0.9789
4.62,1.0048
4.63,0.9457
4.64,0.9264
4.65,0.8997
4.66,1.0525
4.67,0.907
4.68,0.8432
4.69,0.7065
4.7,0.6732
4.71,0.4444
4.72,0.2682
4.73,0.1346
4.74,0.1344
4.75,-0.0405
4.76,-0.1581
4.7700000000000005,-0.2445
4.78,-0.2632
4.79,-0.3326
4.8,-0.7118
4.8100000000000005,-0.8179
4.82,-0.6268
4.83,-1.0568
4.84,-0.8857
4.8500000000000005,-0.839
4.86,-1.0088
4.87,-0.9734
4.88,-1.1969
4.89,-1.1115
4.9,-0.844
4.91,-0.8748
4.92,-0.9188
4.93,-0.7773
4.94,-0.664
4.95,-0.6283
4.96,-0.4303
4.97,-0.2087
4.98,-0.3395
4.99,-0.2341
5.0,0.0428
5.01,-0.0759
5.0200000000000005,0.2554
5.03,0.442
5.04,0.5403
5.05,0.5081
5.0600000000000005,0.6375
5.07,0.8515
5.08,1.1116
5.09,0.7895
5.1000000000000005,1.0215
5.11,1.2402
5.12,0.936
5.13,0.9749
5.14,1.0622
5.15,0.9854
5.16,0.8144
5.17,0.9288
5.18,0.6249
5.19,0.7723
5.2,0.5174
5.21,0.5633
5.22,0.2857
5.23,0.2123
5.24,0.1491
5.25,0.0355
5.26,-0.3208
5.2700000000000005,-0.3158
5.28,-0.4286
5.29,-0.3599
5.3,-0.6148
5.3100000000000005,-0.8425
5.32,-0.7075
5.33,-0.8657
5.34,-0.8398
5.3500000000000005,-0.9923
5.36,-1.1574
5.37,-1.0081
5.38,-1.0135
5.39,-0.8631
5.4,-0.846
5.41,-0.9878
5.42,-0.8663
5.43,-0.6933
5.44,-0.5477
5.45,-0.6622
5.46,-0.4927
5.47,-0.219
5.48,-0.1207
5.49,-0.0089
5.5,-0.0459
5.51,0.0165
5.5200000000000005,0.1939
5.53,0.3228
5.54,0.4224
5.55,0.6269
5.5600000000000005,0.5569
5.57,0.8974
5.58,0.9041
5.59,0.7895
5.6000000000000005,0.7471
5.61,1.098
5.62,0.9142
5.63,1.0224
5.64,1.1035
5.65,0.9719
5.66,0.9905
5.67,0.8891
5.68,0.714
5.69,0.5891
5.7,0.517
5.71,0.4155
5.72,0.3386
5.73,0.1876
5.74,0.0546
5.75,0.0661
5.76,-0.0324
5.7700000000000005,-0.2469
5.78,-0.3206
5.79,-0.4198
5.8,-0.6323
5.8100000000000005,-0.4946
5.82,-0.9224
5.83,-0.9144
5.84,-0.9365
5.8500000000000005,-0.8302
5.86,-0.8624
5.87,-0.8533
5.88,-0.9629
5.89,-1.1184
5.9,-1.0948
5.91,-0.9484
5.92,-0.9087
5.93,-0.9047
5.94,-0.6504
5.95,-0.6497
5.96,-0.5076
5.97,-0.2189
5.98,-0.2877
5.99,-0.0111
6.0,-0.0944
6.01,0.0586
6.0200000000000005,0.2849
6.03,0.3864
6.04,0.5384
6.05,0.5499
6.0600000000000005,0.8075
6.07,0.9102
6.08,0.9082
6.09,0.8393
6.1000000000000005,4.9546
6.11,0.8149
6.12,1.0283
6.13,1.0423
6.140000000000001,0.8379
6.15,0.8418
6.16,0.9987
6.17,0.7763
6.18,0.7682
6.19,0.6755
6.2,0.6024
6.21,0.6062
6.22,0.3471
6.23,0.3914
6.24,0.1563
6.25,0.0371
6.26,-0.1715
6.2700000000000005,-0.2807
6.28,-0.4574
6.29,-0.5457
6.3,-0.5684
6.3100000000000005,-0.8037
6.32,-0.5164
6.33,-0.9192
6.34,-0.7767
6.3500000000000005,-0.8328
6.36,-0.8874
6.37,-1.0942
6.38,-1.0266
6.390000000000001,-1.0877
6.4,-0.8518
6.41,-1.0457
6.42,-0.7364
6.43,-0.8929
6.44,-0.6363
6.45,-0.8122
6.46,-0.4704
6.47,-0.2938
6.48,-0.3366
6.49,-0.0253
6.5,-0.0171
6.51,0.0386
6.5200000000000005,0.2237
6.53,0.3003
6.54,0.3227
6.55,0.3667
6.5600000000000005,0.6409
6.57,0.7785
6.58,0.9917
6.59,0.8253
6.6000000000000005,1.0487
6.61,3.5729
6.62,0.991
6.63,1.0395
6.640000000000001,0.9567
6.65,1.0478
6.66,0.891
6.67,0.9704
6.68,0.5361
6.69,0.65
6.7,0.6208
6.71,0.5819
6.72,0.4841
6.73,0.0351
6.74,0.1453
6.75,0.0896
6.76,-0.2041
6.7700000000000005,-0.2983
6.78,-0.4539
6.79,-0.2395
6.8,-0.4961
6.8100000000000005,-0.6775
6.82,-0.6544
6.83,-0.7906
6.84,-0.8271
6.8500000000000005,-0.9548
6.86,-0.9031
6.87,-1.0236
6.88,-1.1158
6.890000000000001,-0.7759
6.9,-1.0449
6.91,-0.9742
6.92,-0.9257
6.93,-0.9335
6.94,-0.7066
6.95,-0.488
6.96,-0.5677
6.97,-0.4812
6.98,-0.2368
6.99,-0.1215
7.0,0.1882
7.01,0.1292
7.0200000000000005,0.2398
7.03,0.2923
7.04,0.3711
7.05,0.4774
7.0600000000000005,0.6086
7.07,0.9202
7.08,0.7738
7.09,0.6789
7.1000000000000005,1.052
7.11,0.8804
7.12,0.9287
7.13,0.8889
7.140000000000001,1.0329
7.15,1.0404
7.16,0.7808
7.17,0.7095
7.18,0.9953
7.19,0.6701
7.2,0.5919
7.21,0.2569
7.22,0.381
7.23,0.2705
7.24,-0.0181
7.25,-0.0372
7.26,-0.2113
7.2700000000000005,-0.3224
7.28,-0.5265
7.29,-0.466
7.3,-0.6673
7.3100000000000005,-0.5689
7.32,-0.7333
7.33,-0.7424
7.34,-1.1251
7.3500000000000005,-0.8952
7.36,-1.154
7.37,-0.9202
7.38,-0.828
7.390000000000001,-1.016
7.4,-0.8818
7.41,-0.8714
7.42,-0.8919
7.43,-0.8621
7.44,-0.5913
7.45,-0.6936
7.46,-0.4932
7.47,-0.447
7.48,-0.1967
7.49,-0.1409
7.5,0.1079
7.51,0.2469
7.5200000000000005,0.3978
7.53,0.396
7.54,0.5399
7.55,0.5698
7.5600000000000005,0.7842
7.57,0.8616
7.58,0.857
7.59,0.722
7.6000000000000005,1.0335
7.61,0.8993
7.62,1.0758
7.63,0.865
7.640000000000001,0.7532
7.65,0.8902
7.66,0.874
7.67,0.9776
7.68,0.5516
7.69,0.6412
7.7,0.6912
7.71,0.3428
7.72,0.2649
7.73,0.1557
7.74,-0.0079
7.75,0.1044
7.76,-0.2207
7.7700000000000005,-0.2981
7.78,-0.6139
7.79,-0.6397
7.8,-0.7567
7.8100000000000005,-0.5736
7.82,-0.7837
7.83,-0.821
7.84,-1.0667
7.8500000000000005,-0.7946
7.86,-0.9584
7.87,-1.117
7.88,-1.0768
7.890000000000001,-0.922
7.9,-1.1063
7.91,-0.9985
7.92,-0.8598
7.930000000000001,-0.8567
7.94,-0.8299
7.95,-0.6649
7.96,-0.4666
7.97,-0.4683
7.98,-0.2812
7.99,-0.0602
8.0,0.1446
8.01,-0.0386
8.02,0.4397
8.03,0.4985
8.040000000000001,0.5386
8.05,0.5268
8.06,0.5555
8.07,0.8204
8.08,0.8298
8.09,0.8599
8.1,0.9114
8.11,0.9365
8.120000000000001,1.023
8.13,0.883
8.14,0.9634
8.15,0.8864
8.16,0.8928
8.17,0.7786
8.18,0.6432
8.19,0.6555
8.2,0.5553
8.21,0.4844
8.22,0.2459
8.23,0.0634
8.24,-0.0874
8.25,-0.1663
8.26,0.1919
8.27,-0.4272
8.28,-0.465
8.290000000000001,-0.4829
8.3,-0.6715
8.31,-0.5953
8.32,-0.6091
8.33,-0.8306
8.34,-0.9872
8.35,-0.9172
8.36,-1.0809
8.370000000000001,-1.1309
8.38,-0.9209
8.39,-1.0273
8.4,-0.9483
8.41,-0.8937
8.42,-0.7246
8.43,-0.9145
8.44,-0.7229
8.45,-0.6474
8.46,-0.5126
8.47,-0.5019
8.48,-0.2255
8.49,-0.2634
8.5,-0.1153
8.51,0.214
8.52,0.2431
8.53,0.4042
8.540000000000001,0.4496
8.55,0.7881
8.56,0.7384
8.57,0.7641
8.58,0.758
8.59,0.7818
8.6,1.0433
8.61,0.8895
8.620000000000001,0.871
8.63,1.1119
8.64,0.9518
8.65,1.0783
8.66,1.026
8.67,0.708
8.68,0.6983
8.69,0.7103
8.700000000000001,0.5288
8.71,0.4744
8.72,0.3139
8.73,0.0204
8.74,0.1085
8.75,-0.0355
8.76,-0.185
8.77,-0.3565
8.78,-0.3368
8.790000000000001,-0.4188
8.8,-0.4627
8.81,-0.7464
8.82,-0.706
8.83,-0.6829
8.84,-0.9154
8.85,-1.1585
8.86,-0.7386
8.870000000000001,-1.0177
8.88,-0.8641
8.89,-0.8798
8.9,-0.8065
8.91,-1.0269
8.92,-1.0152
8.93,-0.9406
8.94,-0.771
8.950000000000001,-0.9176
8.96,-0.5687
8.97,-0.4731
8.98,-0.3584
8.99,-0.0729
9.0,0.2306
9.01,0.0929
9.02,0.1381
9.03,0.3076
9.040000000000001,0.446
9.05,0.5454
9.06,0.6693
9.07,0.6053
9.08,0.9958
9.09,0.7772
9.1,1.1563
9.11,0.9247
9.120000000000001,1.0915
9.13,0.9414
9.14,0.9008
9.15,1.078
9.16,0.9559
9.17,0.8307
9.18,0.8571
9.19,0.6852
9.200000000000001,0.5963
9.21,0.4813
9.22,0.3494
9.23,0.2855
9.24,0.1362
9.25,0.1078
9.26,0.0946
9.27,-0.0548
9.28,-0.2925
9.290000000000001,-0.6052
9.3,-0.6051
9.31,-0.5568
9.32,-0.7622
9.33,-1.0763
9.34,-0.8888
9.35,-0.8914
9.36,-1.0584
9.370000000000001,-1.2259
9.38,-0.8806
9.39,-1.0418
9.4,-0.903
9.41,-1.0088
9.42,-0.8061
9.43,-0.6736
9.44,-0.5644
9.450000000000001,-0.5058
9.46,-0.4977
9.47,-0.3956
9.48,-0.2351
9.49,-0.1838
9.5,0.0004
9.51,0.0959
9.52,0.1163
9.53,0.4779
9.540000000000001,0.4809
9.55,0.672
9.56,0.8318
9.57,0.7081
9.58,0.9059
9.59,0.9324
9.6,0.9671
9.61,0.9692
9.620000000000001,0.8142
9.63,1.1007
9.64,1.0719
9.65,0.9415
9.66,0.9092
9.67,0.8607
9.68,0.7432
9.69,0.5932
9.700000000000001,0.5166
9.71,0.6198
9.72,0.3247
9.73,0.1064
9.74,0.1471
9.75,0.1518
9.76,-0.1259
9.77,-0.2261
9.78,-0.442
9.790000000000001,-0.5814
9.8,-0.5559
9.81,-0.7087
9.82,-0.9333
9.83,-0.7481
9.84,-0.9041
9.85,-0.9377
9.86,-1.0871
9.870000000000001,-1.0909
9.88,-1.0182
9.89,-0.9491
9.9,-0.9912
9.91,-0.8708
9.92,-0.9304
9.93,-0.6999
9.94,-0.5949
9.950000000000001,-0.6331
9.96,-0.397
9.97,-0.1911
9.98,-0.275
9.99,-0.1635
10.0,0.041
10.01,-0.1206
10.02,0.2636
10.03,0.1923
10.040000000000001,0.5993
10.05,0.5374
10.06,0.6719
10.07,0.6285
10.08,0.7601
10.09,0.8169
10.1,1.0796
10.11,0.8346
10.120000000000001,0.8652
10.13,0.8094
10.14,0.9353
10.15,0.8181
10.16,1.0089
10.17,0.9946
10.18,0.8181
10.19,0.7423
10.200000000000001,0.4581
10.21,0.5741
10.22,0.2306
10.23,0.2337
10.24,0.056
10.25,0.1804
10.26,-0.0922
10.27,-0.2517
10.28,-0.451
10.290000000000001,-0.5647
10.3,-0.2899
10.31,-0.9272
10.32,-0.7913
10.33,-0.7663
10.34,-0.9594
10.35,-0.9972
10.36,-1.1047
10.370000000000001,-0.8716
10.38,-0.9615
10.39,-0.9129
10.4,-0.9206
10.41,-0.8418
10.42,-0.952
10.43,-0.7321
10.44,-0.6318
10.450000000000001,-0.5105
10.46,-0.5186
10.47,-0.1401
10.48,-0.1191
10.49,-0.1348
10.5,0.1593
10.51,0.0981
10.52,0.2364
10.53,0.4744
10.540000000000001,0.3
10.55,0.5501
10.56,0.6963
10.57,0.8283
10.58,0.7075
10.59,0.8069
10.6,1.0357
10.61,1.0083
10.620000000000001,1.0299
10.63,0.9204
10.64,1.098
10.65,1.049
10.66,0.9685
10.67,0.5907
10.68,0.7822
10.69,0.7858
10.700000000000001,0.5967
10.71,0.6491
10.72,0.4841
10.73,0.1656
10.74,-0.0129
10.75,0.1226
10.76,-0.0494
10.77,-0.2636
10.78,-0.4213
10.790000000000001,-0.536
10.8,-0.6258
10.81,-0.5895
10.82,-0.7868
10.83,-0.9432
10.84,-0.7966
10.85,-0.8044
10.86,-1.0777
10.870000000000001,-1.0834
10.88,-1.0357
10.89,-0.9121
10.9,-1.0699
10.91,-0.8371
10.92,-0.8775
10.93,-0.7517
10.94,-0.8412
10.950000000000001,-0.4361
10.96,-0.3758
10.97,-0.413
10.98,-0.2637
10.99,-0.0473
11.0,-0.1716
11.01,0.1947
11.02,0.206
11.03,0.3328
11.040000000000001,0.6087
11.05,0.794
11.06,0.5956
11.07,0.817
11.08,0.7643
11.09,0.8735
11.1,0.8478
11.11,0.8653
11.120000000000001,0.8752
11.13,0.9067
11.14,1.0233
11.15,1.1272
11.16,0.73
11.17,0.9743
11.18,0.8576
11.19,0.6674
11.200000000000001,0.7533
11.21,0.3095
11.22,0.2244
11.23,0.2409
11.24,0.2404
11.25,0.0262
11.26,-0.2716
11.27,-0.2241
11.28,-0.3874
11.290000000000001,-0.349
11.3,-0.7003
11.31,-0.6293
11.32,-0.8751
11.33,-0.9385
11.34,-1.035
11.35,-0.8956
11.36,-1.0775
11.370000000000001,-0.9972
11.38,-0.9046
11.39,-0.8419
11.4,-0.9628
11.41,-0.8153
11.42,-0.8042
11.43,-0.7725
11.44,-0.7646
11.450000000000001,-0.6756
11.46,-0.3267
11.47,-0.386
11.48,-0.2794
11.49,-0.0599
11.5,0.1326
11.51,0.1588
11.52,0.3049
11.53,0.3936
11.540000000000001,0.4469
11.55,0.4955
11.56,0.6746
11.57,0.654
11.58,0.9349
11.59,1.0875
11.6,0.8228
11.61,0.775
11.620000000000001,0.9635
11.63,0.9187
11.64,0.8418
11.65,1.0718
11.66,0.9266
11.67,1.0938
11.68,0.8401
11.69,0.6326
11.700000000000001,0.6488
11.71,0.5801
11.72,0.4257
11.73,0.4171
11.74,0.1593
11.75,0.0267
11.76,-0.0727
11.77,-0.3396
11.78,-0.3244
11.790000000000001,-0.465
11.8,-0.7737
11.81,-0.705
11.82,-0.899
11.83,-0.8655
11.84,-0.8919
11.85,-1.1646
11.86,-0.8744
11.870000000000001,-0.8756
11.88,-0.9166
11.89,-0.9843
11.9,-0.8947
11.91,-0.8792
11.92,-0.8313
11.93,-0.8816
11.94,-0.5496
11.950000000000001,-0.4833
11.96,-0.4375
11.97,-0.5051
11.98,-0.3154
11.99,-0.0146
12.0,0.1317
12.01,0.1041
12.02,0.1833
12.030000000000001,0.2679
12.040000000000001,0.6984
12.05,0.4589
12.06,0.7114
12.07,0.67
12.08,0.8106
12.09,0.827
12.1,0.613
12.11,0.9505
12.120000000000001,0.8903
12.13,1.0288
12.14,0.9977
12.15,0.9252
12.16,0.8137
12.17,0.9059
12.18,0.8098
12.19,0.8332
12.200000000000001,0.6983
12.21,0.377
12.22,0.2478
12.23,0.2049
12.24,0.2368
12.25,-0.0547
12.26,-0.0662
12.27,-0.3113
12.280000000000001,-0.3369
12.290000000000001,-0.5234
12.3,-0.423
12.31,-0.7139
12.32,-0.7614
12.33,-0.83
12.34,-0.9987
12.35,-1.0895
12.36,-1.068
12.370000000000001,-1.1056
12.38,-1.0135
12.39,-1.1126
12.4,-0.8213
12.41,-0.9074
12.42,-0.8242
12.43,-0.7248
12.44,-0.6237
12.450000000000001,-0.729
12.46,-0.4574
12.47,-0.2952
12.48,-0.2351
12.49,-0.1483
12.5,0.052
12.51,0.1638
12.52,0.2116
12.530000000000001,0.358
12.540000000000001,0.4969
12.55,0.5744
12.56,0.4907
12.57,0.8128
12.58,1.0573
12.59,0.9439
12.6,0.8259
12.61,1.009
12.620000000000001,0.9406
12.63,0.9389
12.64,1.1155
12.65,1.1036
12.66,0.925
12.67,0.7847
12.68,0.7067
12.69,0.7005
12.700000000000001,0.5624
12.71,0.6177
12.72,0.2524
12.73,0.4141
12.74,0.1279
12.75,0.0136
12.76,0.0655
12.77,-0.1299
12.780000000000001,-0.4605
12.790000000000001,-0.632
12.8,-0.6798
12.81,-0.9092
12.82,-0.7941
12.83,-0.8346
12.84,-0.8045
12.85,-0.9856
12.86,-0.8895
12.870000000000001,-1.0209
12.88,-0.973
12.89,-1.0191
12.9,-1.0171
12.91,-0.8326
12.92,-0.9153
12.93,-0.6746
12.94,-0.5654
12.950000000000001,-0.4789
12.96,-0.5766
12.97,-0.3659
12.98,-0.2374
12.99,-0.1054
13.0,-0.0776
13.01,0.2065
13.02,0.2909
13.030000000000001,0.3139
13.040000000000001,0.4695
13.05,0.6348
13.06,0.5765
13.07,0.756
13.08,0.8451
13.09,0.9972
13.1,0.8664
13.11,1.0241
13.120000000000001,0.9621
13.13,0.9478
13.14,0.9476
13.15,0.8561
13.16,0.9799
13.17,0.8783
13.18,0.7905
13.19,0.6905
13.200000000000001,0.5349
13.21,0.5048
13.22,0.4379
13.23,0.3033
13.24,0.161
13.25,-0.1221
13.26,0.1027
13.27,-0.2382
13.280000000000001,-0.4254
13.290000000000001,-0.5659
13.3,-0.6453
13.31,-0.7749
13.32,-0.9491
13.33,-0.7743
13.34,-0.643
13.35,-0.949
13.36,-1.0701
13.370000000000001,-0.9627
13.38,-0.9795
13.39,-0.8697
13.4,-0.9156
13.41,-0.9659
13.42,-0.7908
13.43,-0.623
13.44,-0.9393
13.450000000000001,-0.5054
13.46,-0.4707
13.47,-0.458
13.48,-0.5245
13.49,-0.2525
13.5,0.1776
13.51,0.2199
13.52,0.1896
13.530000000000001,0.3329
13.540000000000001,0.4236
13.55,0.6462
13.56,0.6317
13.57,0.66
13.58,0.7766
13.59,0.8427
13.6,0.9137
13.61,0.9283
13.620000000000001,1.2412
13.63,0.9007
13.64,0.987
13.65,0.9535
13.66,0.7498
13.67,0.9043
13.68,0.6329
13.69,0.8662
13.700000000000001,0.531
13.71,0.3724
13.72,0.3231
13.73,0.2524
13.74,-0.0663
13.75,0.192
13.76,0.0049
13.77,-0.1936
13.780000000000001,-0.3783
13.790000000000001,-0.5416
13.8,-0.6443
13.81,-0.6787
13.82,-0.7044
13.83,-0.9136
13.84,-0.8954
13.85,-1.0257
13.86,-1.0128
13.870000000000001,-1.1395
13.88,-0.7404
13.89,-0.912
13.9,-0.9709
13.91,-1.0054
13.92,-0.816
13.93,-0.7839
13.94,-0.7596
13.950000000000001,-0.4932
13.96,-0.3015
13.97,-0.3399
13.98,-0.2528
13.99,-0.3035
14.0,-0.0735
14.01,0.133
14.02,0.3897
14.030000000000001,0.3573
14.040000000000001,0.6396
14.05,0.7496
14.06,0.6419
14.07,0.9499
14.08,0.6487
14.09,0.8201
14.1,1.0327
14.11,0.9559
14.120000000000001,0.981
14.13,0.987
14.14,0.8785
14.15,0.8438
14.16,0.8518
14.17,0.8499
14.18,0.8454
14.19,0.5731
14.200000000000001,0.5138
14.21,0.6046
14.22,0.3568
14.23,0.165
14.24,0.0031
14.25,0.0099
14.26,-0.1491
14.27,-0.1945
14.280000000000001,-0.5347
14.290000000000001,-0.5825
14.3,-0.6026
14.31,-0.6477
14.32,-0.8631
14.33,-0.8426
14.34,-1.1068
14.35,-0.806
14.36,-1.0488
14.370000000000001,-0.8468
14.38,-0.9814
14.39,-1.1441
14.4,-1.0703
14.41,-0.8961
14.42,-0.79
14.43,-0.702
14.44,-0.5585
14.450000000000001,-0.7649
14.46,-0.3957
14.47,-0.2857
14.48,-0.2827
14.49,-0.0801
14.5,0.0137
14.51,0.1101
14.52,0.2079
14.530000000000001,0.3853
14.540000000000001,0.3836
14.55,0.616
14.56,0.7928
14.57,0.5904
14.58,0.9458
14.59,0.8772
14.6,0.9804
14.61,0.9352
14.620000000000001,0.7576
14.63,0.9205
14.64,1.0956
14.65,0.8889
14.66,0.8764
14.67,0.98
14.68,0.8585
14.69,0.4473
14.700000000000001,0.6179
14.71,0.5103
14.72,0.3656
14.73,0.3198
14.74,0.2884
14.75,0.1187
14.76,-0.0514
14.77,3.6347
14.780000000000001,-0.4356
14.790000000000001,-0.4978
14.8,-0.5871
14.81,-0.6077
14.82,-0.7296
14.83,-0.7969
14.84,-1.0943
14.85,-1.0459
14.86,-0.9655
14.870000000000001,-0.9281
14.88,-0.9958
14.89,-1.0262
14.9,-0.9874
14.91,-1.0701
14.92,-0.7065
14.93,-0.8612
14.94,-0.7093
14.950000000000001,-0.6402
14.96,-0.3979
14.97,-0.296
14.98,-0.1546
14.99,-0.0989
15.0,0.2092
15.01,0.1419
15.02,0.0828
15.030000000000001,0.3077
15.040000000000001,0.7267
15.05,0.4547
15.06,0.7582
15.07,0.7777
15.08,0.9053
15.09,0.761
15.1,0.956
15.11,1.069
15.120000000000001,0.8003
15.13,0.979
15.14,1.1725
15.15,0.9073
15.16,0.9872
15.17,0.7208
15.18,0.8916
15.19,0.8171
15.200000000000001,0.51
15.21,0.3689
15.22,0.2582
15.23,0.0843
15.24,0.2119
15.25,0.1102
15.26,-0.0529
15.27,-0.285
15.280000000000001,-0.3536
15.290000000000001,-0.2744
15.3,-0.6432
15.31,-0.75
15.32,-0.8372
15.33,-0.8213
15.34,-0.9447
15.35,-0.8616
15.36,-0.9384
15.370000000000001,-0.9515
15.38,-1.0973
15.39,-1.0629
15.4,-0.7482
15.41,-0.8758
15.42,-0.8709
15.43,-0.6206
15.44,-0.5833
15.450000000000001,-0.542
15.46,-0.3719
15.47,-0.2514
15.48,-0.2306
15.49,-0.1766
15.5,-0.0405
15.51,0.1245
15.52,0.3675
15.530000000000001,0.3859
15.540000000000001,0.471
15.55,0.5823
15.56,0.5385
15.57,0.6394
15.58,0.8819
15.59,0.9649
15.6,1.0224
15.610000000000001,1.0598
15.620000000000001,1.0227
15.63,0.8795
15.64,0.9865
15.65,0.8438
15.66,0.7857
15.67,0.8168
15.68,0.6672
15.69,0.831
15.700000000000001,0.8609
15.71,0.3657
15.72,0.3383
15.73,0.2679
15.74,0.1165
15.75,0.1083
15.76,-0.0974
15.77,-0.2482
15.780000000000001,-0.2259
15.790000000000001,-0.256
15.8,1.8625
15.81,-0.623
15.82,-0.8169
15.83,-0.8549
15.84,-0.8504
15.85,-0.8988
15.860000000000001,-1.0067
15.870000000000001,-0.9353
15.88,-0.9988
15.89,-0.9759
15.9,-0.8396
15.91,-1.0043
15.92,-0.8123
15.93,-0.7848
15.94,-0.775
15.950000000000001,-0.3771
15.96,-0.5478
15.97,-0.2361
15.98,-0.3439
15.99,0.0207
16.0,0.0494
16.01,0.0918
16.02,0.4814
16.03,0.352
16.04,0.432
16.05,0.5126
16.06,0.5922
16.07,0.8965
16.080000000000002,0.917
16.09,1.012
16.1,1.0721
16.11,1.1153
16.12,0.8972
16.13,0.9347
16.14,1.2642
16.15,0.8629
16.16,1.0365
16.17,0.7286
16.18,0.7452
16.19,0.7127
16.2,0.6574
16.21,0.4917
16.22,0.3858
16.23,0.2436
16.240000000000002,0.114
16.25,-0.0988
16.26,-0.1544
16.27,-0.1251
16.28,-0.3345
16.29,-0.4772
16.3,-0.5871
16.31,-0.5722
16.32,-1.0041
16.330000000000002,-0.7747
16.34,-0.7135
16.35,-0.9288
16.36,-0.9369
16.37,-0.9069
16.38,-1.0155
16.39,-0.9981
16.4,-1.055
16.41,-0.9618
16.42,-0.9532
16.43,-0.85
16.44,-0.6987
16.45,-0.6427
16.46,-0.4707
16.47,-0.2848
16.48,-0.0845
16.490000000000002,0.0962
16.5,0.0772
16.51,0.0515
16.52,0.1129
16.53,0.3996
16.54,0.3582
16.55,0.7162
16.56,0.7574
16.57,0.6863
16.580000000000002,0.9615
16.59,0.9784
16.6,1.0221
16.61,0.8685
16.62,1.038
16.63,0.9349
16.64,0.9134
16.65,1.0015
16.66,0.8361
16.67,0.8497
16.68,0.7956
16.69,0.714
16.7,0.4683
16.71,0.4027
16.72,0.2356
16.73,0.2577
16.740000000000002,0.1959
16.75,-0.055
16.76,0.0316
16.77,-0.2627
16.78,-0.3284
16.79,-0.4132
16.8,-0.6412
16.81,-0.6664
16.82,-0.8914
16.830000000000002,-1.0183
16.84,-0.8464
16.85,-1.008
16.86,-0.9684
16.87,-0.8613
16.88,-0.9994
16.89,-0.9305
16.9,-0.8156
16.91,-1.1979
16.92,-0.9502
16.93,-0.8758
16.94,-0.5504
16.95,-0.7299
16.96,-0.357
16.97,-0.2235
16.98,-0.2915
16.990000000000002,-0.2141
17.0,-0.0805
17.01,0.2571
17.02,0.0073
17.03,0.1879
17.04,0.5448
17.05,0.5724
17.06,0.7115
17.07,0.8374
17.080000000000002,1.0632
17.09,0.9189
17.1,0.9131
17.11,1.0168
17.12,1.0341
17.13,1.0805
17.14,0.9223
17.150000000000002,0.8048
17.16,0.9218
17.17,0.7788
17.18,0.762
17.19,0.7115
17.2,0.5933
17.21,0.4703
17.22,0.3967
17.23,0.1905
17.240000000000002,0.2278
17.25,-0.1103
17.26,0.0986
17.27,-0.2764
17.28,-0.339
17.29,-0.418
17.3,-0.5426
17.31,-0.7971
17.32,-0.728
17.330000000000002,-0.7831
17.34,-1.0513
17.35,-1.1185
17.36,-1.1212
17.37,-0.9817
17.38,-1.046
17.39,-0.9461
17.400000000000002,-0.8223
17.41,-0.8652
17.42,-0.6082
17.43,-0.7645
17.44,-0.813
17.45,-0.654
17.46,-0.3034
17.47,-0.2536
17.48,-0.2084
17.490000000000002,-0.0681
17.5,0.097
17.51,0.2499
17.52,0.1881
17.53,0.332
17.54,0.568
17.55,0.5631
17.56,0.6887
17.57,0.7993
17.580000000000002,0.8748
17.59,0.915
17.6,0.9681
17.61,0.8201
17.62,1.036
17.63,0.9067
17.64,1.0306
17.650000000000002,0.9701
17.66,0.8468
17.67,0.853
17.68,0.7391
17.69,0.9862
17.7,0.6619
17.71,0.5634
17.72,0.353
17.73,0.2193
17.740000000000002,0.2966
17.75,-0.0315
17.76,0.108
17.77,-0.2564
17.78,-0.4197
17.79,-0.4372
17.8,-0.5631
17.81,-0.8135
17.82,-0.608
17.830000000000002,-0.6271
17.84,-0.9343
17.85,-0.9439
17.86,-0.9804
17.87,-1.0643
17.88,-1.0753
17.89,-0.916
17.900000000000002,-0.8925
17.91,-0.851
17.92,-0.6438
17.93,-0.8301
17.94,-0.6641
17.95,-0.3507
17.96,-0.3213
17.97,-0.3306
17.98,-0.3928
17.990000000000002,-0.2212
18.0,0.0946
18.01,-0.0387
18.02,0.2513
18.03,0.2706
18.04,0.5352
18.05,0.5913
18.06,0.6612
18.07,0.8534
18.080000000000002,0.8235
18.09,0.8995
18.1,0.9638
18.11,1.0459
18.12,1.0963
18.13,1.0597
18.14,0.8734
18.150000000000002,1.1322
18.16,0.963
18.17,1.0437
18.18,0.891
18.19,0.7329
18.2,0.7319
18.21,0.5905
18.22,0.2432
18.23,0.0866
18.240000000000002,0.3092
18.25,-0.0625
18.26,-0.1193
18.27,-0.1714
18.28,-0.188
18.29,-0.5111
18.3,-0.5264
18.31,-0.7637
18.32,-0.9411
18.330000000000002,-0.9307
18.34,2.416
18.35,-0.7963
18.36,-0.9037
18.37,-0.9904
18.38,-1.0336
18.39,-1.0406
18.400000000000002,-0.9529
18.41,-1.0182
18.42,-0.6989
18.43,-0.6866
18.44,-0.8016
18.45,-0.5839
18.46,-0.5228
18.47,-0.4631
18.48,-0.2474
18.490000000000002,-0.0931
18.5,0.0621
18.51,0.2485
18.52,0.2762
18.53,0.3117
18.54,0.504
18.55,0.6499
18.56,0.8169
18.57,0.816
18.580000000000002,0.7281
18.59,1.1566
18.6,0.8954
18.61,0.8681
18.62,0.9429
18.63,1.0769
18.64,1.0412
18.650000000000002,0.9417
18.66,0.8835
18.67,0.933
18.68,0.6575
18.69,0.7469
18.7,0.6536
18.71,0.4551
18.72,0.283
18.73,0.3758
18.740000000000002,0.1866
18.75,-0.1364
18.76,0.1089
18.77,-0.1276
18.78,-0.1883
18.79,-0.4823
18.8,-0.556
18.81,-0.7252
18.82,-0.8738
18.830000000000002,-0.8707
18.84,-0.687
18.85,-1.0848
18.86,-1.0643
18.87,-1.1468
18.88,-0.9124
18.89,-1.0671
18.900000000000002,-0.8434
18.91,-1.028
18.92,-0.9047
18.93,-0.7439
18.94,-0.7284
18.95,-0.6278
18.96,-0.4796
18.97,-0.4201
18.98,-0.2109
18.990000000000002,-0.0605
19.0,0.1088
19.01,0.2324
19.02,0.1025
19.03,0.4964
19.04,0.5268
19.05,0.5622
19.06,0.5863
19.07,0.8308
19.080000000000002,0.8501
19.09,0.9584
19.1,0.7901
19.11,1.0286
19.12,0.9218
19.13,1.0154
19.14,0.8895
19.150000000000002,0.9004
19.16,1.0889
19.17,0.6488
19.18,0.8758
19.19,0.6006
19.2,0.4868
19.21,0.3384
19.22,0.141
19.23,0.1054
19.240000000000002,0.0247
19.25,-0.0601
19.26,-0.0835
19.27,-0.2261
19.28,-0.254
19.29,-0.5455
19.3,-0.5273
19.31,-0.7185
19.32,-0.7737
19.330000000000002,-1.0075
19.34,-0.8033
19.35,-1.056
19.36,-1.0038
19.37,-0.954
19.38,-1.0306
19.39,-1.0604
19.400000000000002,-0.8994
19.41,-0.9707
19.42,-0.8461
19.43,-0.8458
19.44,-0.5412
19.45,-0.4338
19.46,-0.5329
19.47,-0.2843
19.48,-0.3312
19.490000000000002,-0.118
19.5,0.2624
19.51,0.0768
19.52,0.0346
19.53,0.2916
19.54,0.2846
19.55,0.4762
19.56,0.6536
19.57,0.5013
19.580000000000002,0.9178
19.59,1.0268
19.6,0.9324
19.61,1.0116
19.62,0.8886
19.63,1.0787
19.64,1.0291
19.650000000000002,0.9676
19.66,0.9469
19.67,0.9596
19.68,0.6903
19.69,0.6083
19.7,0.5158
19.71,0.3691
19.72,0.3242
19.73,0.3443
19.740000000000002,0.1473
19.75,0.1016
19.76,-0.1254
19.77,-0.2998
19.78,-0.2807
19.79,-0.3381
19.8,-0.5707
19.81,-0.7594
19.82,-0.9286
19.830000000000002,-0.888
19.84,-1.1112
19.85,-1.033
19.86,-0.9426
19.87,-1.2011
19.88,-0.9055
19.89,-1.0121
19.900000000000002,-1.0101
19.91,-1.0385
19.92,-1.0339
19.93,-0.705
19.94,-0.6263
19.95,-0.4824
19.96,-0.4292
19.97,-0.3346
19.98,-0.1969
19.990000000000002,0.0047
20.0,-0.008
20.01,0.1044
20.02,0.1625
20.03,0.2379
20.04,0.4057
20.05,0.6496
20.06,0.5024
20.07,1.0287
20.080000000000002,0.7804
20.09,0.8491
20.1,1.0183
20.11,1.0338
20.12,1.0407
20.13,0.9004
20.14,1.1043
20.150000000000002,0.812
20.16,0.597
20.17,0.8364
20.18,0.856
20.19,0.5008
20.2,0.7173
20.21,0.5421
20.22,0.3776
20.23,0.2514
20.240000000000002,0.0467
20.25,-0.0844
20.26,-0.1288
20.27,-0.3198
20.28,-0.4429
20.29,-0.6593
20.3,-0.6638
20.31,-0.6369
20.32,-0.8731
20.330000000000002,-0.8378
20.34,-0.9216
20.35,-0.9632
20.36,-0.9759
20.37,-0.8977
20.38,-0.8709
20.39,-1.0152
20.400000000000002,-0.9822
20.41,-0.6791
20.42,-0.8258
20.43,-0.6959
20.44,-0.7081
20.45,-0.7099
20.46,-0.3956
20.47,-0.3599
20.48,-0.25
20.490000000000002,-0.3427
20.5,0.0421
20.51,0.1838
20.52,0.1207
20.53,0.247
20.54,0.5694
20.55,0.5315
20.56,0.7059
20.57,0.6706
20.580000000000002,0.8902
20.59,0.9324
20.6,1.1034
20.61,0.8943
20.62,0.9477
20.63,1.0206
20.64,0.7657
20.650000000000002,0.973
20.66,0.8515
20.67,0.9607
20.68,0.8448
20.69,0.793
20.7,0.6135
20.71,0.6185
20.72,0.3953
20.73,0.3036
20.740000000000002,0.0555
20.75,0.0093
20.76,-0.1022
20.77,-0.0994
20.78,-0.3229
20.79,-0.4957
20.8,-0.5706
20.81,-0.6685
20.82,-0.5453
20.830000000000002,-0.7863
20.84,-0.8718
20.85,-0.7779
20.86,-0.9412
20.87,-0.9045
20.88,-1.079
20.89,-0.9171
20.900000000000002,-0.8637
20.91,-0.739
20.92,-0.8154
20.93,-0.6905
20.94,-0.8517
20.95,-0.5747
20.96,-0.5799
20.97,-0.4863
20.98,-0.199
20.990000000000002,-0.2
21.0,0.0877
21.01,0.2989
21.02,0.0872
21.03,0.41
21.04,0.3588
21.05,0.4307
21.06,0.7921
21.07,1.0223
21.080000000000002,0.7627
21.09,0.8795
21.1,0.8987
21.11,0.6631
21.12,1.291
21.13,0.9859
21.14,0.9318
21.150000000000002,1.0267
21.16,0.8752
21.17,0.7917
21.18,0.6501
21.19,0.771
21.2,0.594
21.21,0.3742
21.22,0.2613
21.23,0.3369
21.240000000000002,0.1488
21.25,-0.0436
21.26,-0.1069
21.27,-0.2326
21.28,-0.2498
21.29,-0.4367
21.3,-0.7016
21.31,-0.8723
21.32,-0.828
21.330000000000002,-0.9598
21.34,-0.7763
21.35,-0.8746
21.36,-0.9679
21.37,-1.0163
21.38,-1.2753
21.39,-0.9339
21.400000000000002,-0.9696
21.41,-0.8302
21.42,-1.0082
21.43,-0.9144
21.44,-0.6038
21.45,-0.8289
21.46,-0.562
21.47,-0.2738
21.48,-0.4048
21.490000000000002,-0.0632
21.5,0.0426
21.51,-0.083
21.52,0.4199
21.53,0.3601
21.54,0.5211
21.55,0.5598
21.56,0.5204
21.57,0.81
21.580000000000002,0.7184
21.59,1.044
21.6,0.9559
21.61,0.9446
21.62,1.0689
21.63,1.1676
21.64,0.9425
21.650000000000002,0.883
21.66,1.0326
21.67,0.7859
21.68,0.8433
21.69,0.5828
21.7,0.7413
21.71,0.5463
21.72,0.1793
21.73,0.069
21.740000000000002,0.0205
21.75,0.108
21.76,0.0206
21.77,-0.2617
21.78,-0.367
21.79,-0.3622
21.8,-0.5089
21.81,-0.6677
21.82,-0.6675
21.830000000000002,-0.7096
21.84,-0.8991
21.85,-0.9661
21.86,-0.9331
21.87,-0.8602
21.88,-0.8847
21.89,-0.9288
21.900000000000002,-1.0115
21.91,-0.9329
21.92,-0.9943
21.93,-0.5254
21.94,-0.6883
21.95,-0.5057
21.96,-0.6178
21.97,-0.3136
21.98,-0.187
21.990000000000002,-0.1306
22.0,-0.086
22.01,0.1063
22.02,0.1649
22.03,0.3282
22.04,0.5015
22.05,0.6259
22.06,0.7206
22.07,0.7426
22.080000000000002,0.9108
22.09,0.9098
22.1,0.9947
22.11,1.0996
22.12,1.0339
22.13,1.157
22.14,0.9282
22.150000000000002,0.9266
22.16,0.952
22.17,0.9101
22.18,0.7302
22.19,0.8128
22.2,0.514
22.21,0.3492
22.22,0.3272
22.23,0.3964
22.240000000000002,0.1176
22.25,-0.1036
22.26,-0.1351
22.27,-0.2341
22.28,-0.2334
22.29,-0.4828
22.3,-0.7246
22.31,-0.61
22.32,-0.8543
22.330000000000002,-0.953
22.34,-0.9704
22.35,-1.1097
22.36,-1.0128
22.37,-1.0726
22.38,-0.9199
22.39,-0.9727
22.400000000000002,-1.028
22.41,-1.0057
22.42,-0.8579
22.43,-0.7164
22.44,-0.5102
22.45,-0.5233
22.46,-0.5426
22.47,-0.47
22.48,-0.2422
22.490000000000002,-0.1359
22.5,0.1428
22.51,0.1378
22.52,0.1125
22.53,0.3051
22.54,0.5073
22.55,0.4992
22.56,0.6242
22.57,0.6346
22.580000000000002,0.7074
22.59,0.9615
22.6,0.8434
22.61,0.8927
22.62,1.0038
22.63,1.0558
22.64,1.0116
22.650000000000002,1.0701
22.66,0.838
22.67,0.7184
22.68,0.7651
22.69,0.6762
22.7,0.6073
22.71,0.5223
22.72,0.2903
22.73,0.3863
22.740000000000002,0.2056
22.75,-0.0291
22.76,-0.2064
22.77,-0.3803
22.78,-0.3852
22.79,-0.5846
22.8,-0.6055
22.81,-0.7746
22.82,-0.8124
22.830000000000002,-0.7815
22.84,-1.0894
22.85,-0.9143
22.86,-1.0376
22.87,-0.8115
22.88,-0.8623
22.89,-0.9123
22.900000000000002,-1.0419
22.91,-0.8646
22.92,-0.843
22.93,-0.7832
22.94,-0.7
22.95,-0.6019
22.96,-0.5103
22.97,-0.4379
22.98,-0.2664
22.990000000000002,-0.1525
23.0,0.1089
23.01,0.2939
23.02,0.2431
23.03,0.3774
23.04,0.4493
23.05,0.5825
23.06,0.6521
23.07,0.8796
23.080000000000002,0.7124
23.09,1.0404
23.1,0.8903
23.11,1.1149
23.12,0.7728
23.13,0.9472
23.14,0.9516
23.150000000000002,0.915
23.16,0.9994
23.17,0.8972
23.18,0.8275
23.19,0.6132
23.2,0.6938
23.21,0.5118
23.22,0.5607
23.23,0.3376
23.240000000000002,0.0062
23.25,-0.0013
23.26,-0.132
23.27,-0.2145
23.28,-0.3493
23.29,-0.5317
23.3,-0.8577
23.31,-0.5717
23.32,-0.8083
23.330000000000002,-0.9325
23.34,-0.9133
23.35,-1.0881
23.36,-0.9607
23.37,-0.9373
23.38,-1.0544
23.39,1.6471
23.400000000000002,-0.9124
23.41,-0.8237
23.42,-0.8393
23.43,-0.8664
23.44,-0.7847
23.45,-0.6349
23.46,-0.3444
23.47,-0.5666
23.48,-0.2637
23.490000000000002,-0.2932
23.5,-0.1104
23.51,0.0563
23.52,0.109
23.53,0.4943
23.54,0.4258
23.55,0.4042
23.56,0.8025
23.57,0.8028
23.580000000000002,0.784
23.59,0.9344
23.6,1.0043
23.61,0.8888
23.62,0.9367
23.63,0.9753
23.64,0.8778
23.650000000000002,0.9277
23.66,0.9912
23.67,0.7917
23.68,0.8438
23.69,0.7026
23.7,0.6131
23.71,0.5127
23.72,0.3745
23.73,0.1217
23.740000000000002,0.1138
23.75,-0.0158
23.76,0.0209
23.77,-0.2284
23.78,-0.3386
23.79,-0.4881
23.8,-0.427
23.81,-0.6817
23.82,-0.7158
23.830000000000002,-0.919
23.84,-0.8229
23.85,-0.9508
23.86,-1.0071
23.87,-1.0733
23.88,-0.9891
23.89,-0.8639
23.900000000000002,-1.033
23.91,-0.9468
23.92,-0.9438
23.93,-0.8188
23.94,-0.6279
23.95,-0.696
23.96,-0.4917
23.97,-0.3734
23.98,-0.3505
23.990000000000002,-0.0548
24.0,-0.0359
24.01,-0.0866
24.02,0.2622
24.03,0.242
24.04,0.4477
24.05,0.7009
24.060000000000002,0.4957
24.07,0.6208
24.080000000000002,0.7167
24.09,0.9811
24.1,0.9615
24.11,0.94
24.12,1.0947
24.13,1.0166
24.14,0.93
24.150000000000002,1.0697
24.16,0.9872
24.17,0.7955
24.18,0.5952
24.19,0.7761
24.2,0.5613
24.21,0.5175
24.22,0.3498
24.23,0.1353
24.240000000000002,0.1501
24.25,0.103
24.26,-0.0538
24.27,-0.1413
24.28,-0.4801
24.29,-0.605
24.3,-0.5632
24.310000000000002,-0.7015
24.32,-0.7586
24.330000000000002,-0.9921
24.34,-0.6524
24.35,-1.0106
24.36,-1.0869
24.37,-0.9068
24.38,-1.0139
24.39,-1.0714
24.400000000000002,-0.994
24.41,-0.9866
24.42,-0.8248
24.43,-0.7811
24.44,-0.7172
24.45,-0.586
24.46,-0.4097
24.47,-0.4781
24.48,-0.2754
24.490000000000002,0.0136
24.5,0.1632
24.51,0.2679
24.52,0.1806
24.53,0.3959
24.54,0.4868
24.55,0.4017
24.560000000000002,0.7734
24.57,0.8023
24.580000000000002,0.6751
24.59,0.8764
24.6,0.8489
24.61,0.8954
24.62,0.972
24.63,0.8773
24.64,1.073
24.650000000000002,0.952
24.66,0.8326
24.67,0.9384
24.68,0.905
24.69,0.6797
24.7,0.6352
24.71,0.6356
24.72,0.2616
24.73,0.2385
24.740000000000002,0.1749
24.75,-0.0256
24.76,-0.1571
24.77,-0.2665
24.78,-0.4934
24.79,-0.3952
24.8,-0.6801
24.810000000000002,-0.7279
24.82,-0.8239
24.830000000000002,-0.9249
24.84,-0.9385
24.85,-0.9381
24.86,-0.848
24.87,-0.9799
24.88,-1.1103
24.89,-0.9847
24.900000000000002,-0.8968
24.91,-0.7192
24.92,-0.727
24.93,-0.7986
24.94,-0.8234
24.95,-0.5357
24.96,-0.3105
24.97,-0.3412
24.98,-0.1467
24.990000000000002,-0.1754
25.0,-0.0109
25.01,0.2196
25.02,-0.0094
25.03,0.4815
25.04,0.4911
25.05,0.7628
25.060000000000002,0.5515
25.07,0.7608
25.080000000000002,0.7621
25.09,0.7139
25.1,1.0051
25.11,0.7653
25.12,1.0547
25.13,1.0567
25.14,0.9447
25.150000000000002,0.9489
25.16,0.7165
25.17,0.757
25.18,0.6345
25.19,0.7484
25.2,0.7275
25.21,0.4024
25.22,0.1847
25.23,0.3346
25.240000000000002,0.0084
25.25,-0.0773
25.26,-0.2017
25.27,-0.259
25.28,-0.332
25.29,-0.4366
25.3,-0.597
25.310000000000002,-0.5613
25.32,-0.7547
25.330000000000002,-0.8465
25.34,-0.9067
25.35,-0.7984
25.36,-1.0119
25.37,-0.9986
25.38,-1.0137
25.39,-0.989
25.400000000000002,-0.8726
25.41,-0.9536
25.42,-0.8852
25.43,-0.8444
25.44,-0.6454
25.45,-0.5642
25.46,-0.5389
25.47,-0.2584
25.48,-0.1475
25.490000000000002,-0.0784
25.5,-0.0254
25.51,0.2041
25.52,-0.0884
25.53,0.3819
25.54,0.4088
25.55,0.5555
25.560000000000002,0.702
25.57,0.8056
25.580000000000002,0.7658
25.59,0.9741
25.6,0.9033
25.61,0.8262
25.62,1.0474
25.63,1.0547
25.64,0.8573
25.650000000000002,0.9005
25.66,0.8259
25.67,0.8052
25.68,0.9991
25.69,0.4699
25.7,0.4665
25.71,0.3713
25.72,0.2176
25.73,0.2819
25.740000000000002,0.2053
25.75,0.0493
25.76,-0.0954
25.77,-0.2378
25.78,-0.3111
25.79,-0.668
25.8,-0.6496
25.810000000000002,-0.5749
25.82,-1.0034
25.830000000000002,-0.8601
25.84,-0.8437
25.85,-0.8556
25.86,-0.9409
25.87,-1.084
25.88,-1.0185
25.89,-1.0823
25.900000000000002,-1.181
25.91,-0.715
25.92,-1.0015
25.93,-0.8013
25.94,-0.6862
25.95,-0.5754
25.96,-0.5382
25.97,-0.406
25.98,-0.1807
25.990000000000002,-0.1403
26.0,0.011
26.01,0.0444
26.02,0.1871
26.03,0.4462
26.04,0.5052
26.05,0.6138
26.060000000000002,0.7061
26.07,0.7755
26.080000000000002,0.7329
26.09,1.0341
26.1,0.8093
26.11,0.8438
26.12,0.9716
26.13,1.0787
26.14,1.133
26.150000000000002,1.0291
26.16,0.9243
26.17,0.867
26.18,0.7535
26.19,0.6813
26.2,0.6042
26.21,0.4744
26.22,0.196
26.23,0.0649
26.240000000000002,0.0886
26.25,0.0754
26.26,-0.1388
26.27,-0.2399
26.28,-0.4753
26.29,-0.4896
26.3,-0.6956
26.310000000000002,-0.5361
26.32,-0.6865
26.330000000000002,-0.8634
26.34,-1.1036
26.35,-0.8257
26.36,-1.052
26.37,-0.8079
26.38,-1.0378
26.39,-1.0197
26.400000000000002,-1.1372
26.41,-0.8196
26.42,-0.8901
26.43,-0.7116
26.44,-0.7006
26.45,-0.665
26.46,-0.5305
26.47,-0.4106
26.48,-0.3835
26.490000000000002,-0.0726
26.5,-0.0094
26.51,0.0946
26.52,0.1548
26.53,0.2606
26.54,0.4369
26.55,0.7034
26.560000000000002,0.6831
26.57,0.6942
26.580000000000002,0.9174
26.59,0.8807
26.6,0.9543
26.61,0.9283
26.62,0.982
26.63,0.9182
26.64,1.118
26.650000000000002,1.0378
26.66,0.8
26.67,0.6378
26.68,0.653
26.69,0.6887
26.7,0.7176
26.71,0.4445
26.72,0.4663
26.73,0.2987
26.740000000000002,0.0649
26.75,-0.0064
26.76,-0.1411
26.77,-0.1682
26.78,-0.1949
26.79,-0.4625
26.8,-0.5389
26.810000000000002,-0.5916
26.82,-0.7576
26.830000000000002,-0.8711
26.84,-0.9051
26.85,-1.0019
26.86,-1.0288
26.87,-1.1688
26.88,-0.9994
26.89,-0.8939
26.900000000000002,-0.8957
26.91,-0.8961
26.92,-0.8863
26.93,-0.9255
26.94,-0.6785
26.95,-0.5937
26.96,-0.5802
26.97,-0.4
26.98,-0.1852
26.990000000000002,-0.0019
27.0,-0.1403
27.01,0.1357
27.02,0.3335
27.03,0.3535
27.04,0.4003
27.05,0.5484
27.060000000000002,0.647
27.07,0.6305
27.080000000000002,0.7663
27.09,1.0615
27.1,1.0165
27.11,0.7354
27.12,1.0202
27.13,1.0856
27.14,1.0005
27.150000000000002,1.0518
27.16,0.923
27.17,0.8771
27.18,0.6162
27.19,0.6742
27.2,0.6164
27.21,0.5223
27.22,0.3581
27.23,0.1819
27.240000000000002,0.0244
27.25,0.0079
27.26,-0.3206
27.27,-0.0967
27.28,-0.4793
27.29,-0.2849
27.3,-0.5262
27.310000000000002,-0.7004
27.32,-0.816
27.330000000000002,-0.7973
27.34,-0.9433
27.35,-0.9474
27.36,-0.9923
27.37,-0.8669
27.38,-0.9229
27.39,-0.98
27.400000000000002,-0.877
27.41,-1.0219
27.42,-0.7628
27.43,-0.8542
27.44,-0.5893
27.45,-0.6334
27.46,-0.4743
27.47,-0.3642
27.48,-0.216
27.490000000000002,-0.092
27.5,-0.0223
27.51,0.2002
27.52,0.4431
27.53,0.414
27.54,0.3672
27.55,0.7126
27.560000000000002,0.749
27.57,0.7172
27.580000000000002,0.6133
27.59,0.8052
27.6,1.1049
27.61,0.8955
27.62,1.2037
27.63,0.9257
27.64,0.9811
27.650000000000002,0.8452
27.66,0.877
27.67,0.784
27.68,0.7957
27.69,0.635
27.7,0.6638
27.71,0.5014
27.72,0.3376
27.73,0.2306
27.740000000000002,0.2072
27.75,0.1328
27.76,-0.0845
27.77,-0.268
27.78,-0.3904
27.79,-0.4951
27.8,-0.5261
27.810000000000002,-0.7235
27.82,-0.6244
27.830000000000002,-0.8267
27.84,-0.778
27.85,-0.8803
27.86,-0.9813
27.87,-0.7707
27.88,-1.1948
27.89,-1.1215
27.900000000000002,-0.9758
27.91,-1.0197
27.92,-0.8971
27.93,-0.8353
27.94,-0.5835
27.95,-0.5527
27.96,-0.5359
27.97,-0.3281
27.98,-0.3942
27.990000000000002,-0.2419
28.0,-0.0838
28.01,0.1617
28.02,0.178
28.03,0.3062
28.04,0.411
28.05,0.8028
28.060000000000002,0.7358
28.07,0.7791
28.080000000000002,0.7876
28.09,0.9827
28.1,0.9021
28.11,1.0265
28.12,1.1238
28.13,0.9961
28.14,1.0905
28.150000000000002,1.0777
28.16,0.7371
28.17,0.8022
28.18,0.884
28.19,0.5617
28.2,0.5146
28.21,0.5204
28.22,0.5107
28.23,0.2605
28.240000000000002,0.1988
28.25,0.0458
28.26,-0.1248
28.27,-0.2502
28.28,-0.4021
28.29,-0.3568
28.3,-0.4239
28.310000000000002,-0.735
28.32,-0.7039
28.330000000000002,-0.8233
28.34,-0.9557
28.35,-0.745
28.36,-0.8725
28.37,-1.0109
28.38,-0.9601
28.39,-0.9068
28.400000000000002,-1.1185
28.41,-1.1769
28.42,-0.9457
28.43,-0.9553
28.44,-0.725
28.45,-0.5901
28.46,-0.4162
28.47,-0.2704
28.48,-0.3063
28.490000000000002,-0.0377
28.5,0.2285
28.51,0.1425
28.52,0.3357
28.53,0.347
28.54,0.5079
28.55,0.5784
28.560000000000002,0.7868
28.57,0.8015
28.580000000000002,0.7688
28.59,0.8882
28.6,0.826
28.61,0.8617
28.62,0.8363
28.63,0.7722
28.64,0.9088
28.650000000000002,0.8978
28.66,0.9094
28.67,0.8875
28.68,0.5341
28.69,0.7056
28.7,0.4788
28.71,0.4487
28.72,0.4601
28.73,0.1963
28.740000000000002,0.0788
28.75,-0.1524
28.76,-0.2205
28.77,-0.3137
28.78,-0.209
28.79,-0.4469
28.8,-0.7251
28.810000000000002,-0.5303
28.82,-0.8487
28.830000000000002,-0.8317
28.84,-0.86
28.85,-0.9856
28.86,-1.0084
28.87,-1.0451
28.88,-0.9081
28.89,-0.8687
28.900000000000002,-0.8746
28.91,-0.8835
28.92,-0.8306
28.93,-0.7876
28.94,-0.6595
28.95,-0.5484
28.96,-0.431
28.97,-0.4005
28.98,-0.1378
28.990000000000002,-0.1492
29.0,0.1634
29.01,0.195
29.02,0.2492
29.03,0.4355
29.04,0.4162
29.05,0.6473
29.060000000000002,0.8583
29.07,0.7926
29.080000000000002,0.6752
29.09,0.8823
29.1,0.9542
29.11,1.2406
29.12,0.8928
29.13,1.0353
29.14,1.0218
29.150000000000002,1.033
29.16,1.0635
29.17,0.7768
29.18,0.785
29.19,0.7259
29.2,0.4284
29.21,0.6148
29.22,0.2906
29.23,0.1616
29.240000000000002,0.0824
29.25,-0.1877
29.26,-0.0126
29.27,-0.1821
29.28,-0.2979
29.29,-0.548
29.3,-0.5738
29.310000000000002,-0.6855
29.32,-0.7174
29.330000000000002,-0.9164
29.34,-1.0758
29.35,-0.964
29.36,-0.8198
29.37,-1.0045
29.38,-0.9571
29.39,-1.0784
29.400000000000002,-1.0482
29.41,-0.7829
29.42,-0.8586
29.43,-0.9711
29.44,-0.6759
29.45,-0.5678
29.46,-0.6725
29.47,-0.4366
29.48,-0.3492
29.490000000000002,-0.1686
29.5,-0.0498
29.51,0.2573
29.52,4.4173
29.53,0.4072
29.54,0.4171
29.55,0.7449
29.560000000000002,0.8584
29.57,0.7792
29.580000000000002,0.8845
29.59,0.8231
29.6,0.9071
29.61,1.0741
29.62,1.0335
29.63,0.8595
29.64,0.8569
29.650000000000002,0.9115
29.66,0.8881
29.67,0.8699
29.68,0.803
29.69,0.5992
29.7,0.8528
29.71,0.3107
29.72,0.3015
29.73,0.3487
29.740000000000002,0.2523
29.75,0.006
29.76,-0.1321
29.77,-0.2005
29.78,-0.513
29.79,-0.4672
29.8,-0.6377
29.810000000000002,-0.6734
29.82,-0.8233
29.830000000000002,-0.7055
29.84,-0.9653
29.85,-0.7435
29.86,-1.0509
29.87,-1.0751
29.88,-1.0405
29.89,-0.9123
29.900000000000002,-0.9947
29.91,-0.7122
29.92,-0.8093
29.93,-0.6865
29.94,-0.7969
29.95,-0.8088
29.96,-0.5382
29.97,-0.2981
29.98,-0.274
29.990000000000002,0.0656
30.0,2.5513
30.01,0.0877
30.02,0.2278
30.03,0.4944
30.04,0.5036
30.05,0.7259
30.060000000000002,0.6958
30.07,0.8516
30.080000000000002,0.7784
30.09,0.8314
30.1,1.065
30.11,0.973
30.12,0.944
30.13,1.0524
30.14,0.8527
30.150000000000002,0.9072
30.16,1.0552
30.17,0.8937
30.18,0.8789
30.19,0.5944
30.2,0.5728
30.21,0.3818
30.22,0.3961
30.23,0.3163
30.240000000000002,0.169
30.25,0.0269
30.26,-0.1717
30.27,-0.086
30.28,-0.362
30.29,-0.4652
30.3,-0.5859
30.310000000000002,-0.8728
30.32,-0.7501
30.330000000000002,-0.7644
30.34,-0.8844
30.35,-0.9175
30.36,-0.8254
30.37,-0.9308
30.38,-0.9222
30.39,-0.8614
30.400000000000002,-1.0211
30.41,-0.8879
30.42,-0.8584
30.43,-0.8224
30.44,-0.6814
30.45,-0.6821
30.46,-0.4343
30.47,-0.3545
30.48,-0.2816
30.490000000000002,-0.1215
30.5,-0.0685
30.51,0.3184
30.52,0.1582
30.53,0.3541
30.54,0.5957
30.55,0.5502
30.560000000000002,0.6807
30.57,0.7405
30.580000000000002,0.9684
30.59,0.9205
30.6,1.003
30.61,1.0039
30.62,1.056
30.63,1.0308
30.64,0.9329
30.650000000000002,0.8668
30.66,0.6849
30.67,0.8718
30.68,0.8111
30.69,0.9204
30.7,0.5842
30.71,0.5985
30.72,0.4416
30.73,-0.0464
30.740000000000002,-0.0139
30.75,0.006
30.76,-0.148
30.77,-0.3134
30.78,-0.4576
30.79,-0.555
30.8,-0.5425
30.810000000000002,-0.8795
30.82,-0.5516
30.830000000000002,-0.7323
30.84,-0.906
30.85,-0.8613
30.86,-0.9914
30.87,-1.0173
30.88,-1.0865
30.89,-0.9135
30.900000000000002,-0.9567
30.91,-0.982
30.92,-0.916
30.93,-0.8358
30.94,-0.8378
30.95,-0.6937
30.96,-0.4588
30.970000000000002,-0.2756
30.98,-0.2538
30.990000000000002,-0.1948
31.0,0.0179
31.01,0.028
31.02,0.2452
31.03,0.3068
31.04,0.3915
31.05,0.463
31.060000000000002,0.5716
31.07,0.6239
31.080000000000002,1.0203
31.09,0.9712
31.1,0.9173
31.11,0.9277
31.12,1.0747
31.13,1.0631
31.14,1.0958
31.150000000000002,0.9617
31.16,0.9642
31.17,0.9603
31.18,0.7417
31.19,0.6545
31.2,0.5577
31.21,0.579
31.220000000000002,0.3467
31.23,0.2323
31.240000000000002,0.0958
31.25,0.0104
31.26,0.0143
31.27,-0.2869
31.28,-0.3568
31.29,-0.5106
31.3,-0.5268
31.310000000000002,-0.6509
31.32,-0.7535
31.330000000000002,-0.8913
31.34,-0.8495
31.35,-0.9573
31.36,-0.9347
31.37,-1.02
31.38,-0.9279
31.39,-1.0076
31.400000000000002,-1.0693
31.41,-0.9839
31.42,-0.8658
31.43,-0.854
31.44,-0.4936
31.45,-0.5701
31.46,-0.5009
31.470000000000002,-0.3098
31.48,-0.1338
31.490000000000002,-0.1688
31.5,0.1054
31.51,0.0083
31.52,0.4456
31.53,0.3676
31.54,0.3963
31.55,0.4434
31.560000000000002,0.4806
31.57,0.7382
31.580000000000002,0.945
31.59,0.7984
31.6,0.9356
31.61,0.8582
31.62,0.8236
31.63,0.9987
31.64,0.9751
31.650000000000002,1.1323
31.66,0.8949
31.67,0.828
31.68,0.6053
31.69,0.5624
31.7,0.5656
31.71,0.3991
31.720000000000002,0.4173
31.73,0.3993
31.740000000000002,0.0929
31.75,0.0489
31.76,-0.0236
31.77,-0.3541
31.78,-0.3553
31.79,-0.4021
31.8,-0.5374
31.810000000000002,-0.6486
31.82,-0.8649
31.830000000000002,-0.9359
31.84,-0.8449
31.85,-1.0303
31.86,-0.9932
31.87,-1.0256
31.88,-0.8231
31.89,-0.9628
31.900000000000002,-0.8724
31.91,-0.9287
31.92,-0.9363
31.93,-0.7269
31.94,-0.6809
31.95,-0.6267
31.96,-0.4584
31.970000000000002,-0.383
31.98,-0.1377
31.990000000000002,-0.2298
32.0,-0.1586
32.01,0.0687
32.02,0.3399
32.03,0.5727
32.04,0.4169
32.05,0.4543
32.06,0.764
32.07,0.8934
32.08,0.6945
32.09,1.0186
32.1,0.9368
32.11,0.8397
32.12,1.1532
32.13,0.954
32.14,1.1432
32.15,1.0305
32.160000000000004,0.9217
32.17,0.9421
32.18,0.7483
32.19,0.6464
32.2,0.5718
32.21,0.4432
32.22,0.3939
32.230000000000004,0.3346
32.24,0.2492
32.25,0.019
32.26,-0.3545
32.27,-0.1284
32.28,-0.242
32.29,-0.2742
32.3,-0.5341
32.31,-0.795
32.32,-0.6519
32.33,-0.7066
32.34,-0.8819
32.35,-1.0342
32.36,-0.915
32.37,-1.1441
32.38,-1.1815
32.39,-1.0318
32.4,-0.818
32.410000000000004,-0.7775
32.42,-0.7209
32.43,-0.8012
32.44,-0.5607
32.45,-0.6804
32.46,-0.4693
32.47,-0.3855
32.480000000000004,-0.3293
32.49,-0.1761
32.5,0.0281
32.51,0.1571
32.52,0.1304
32.53,0.2901
32.54,0.7669
32.55,0.6857
32.56,0.6741
32.57,0.6836
32.58,0.8907
32.59,0.8325
32.6,0.8475
32.61,1.0631
32.62,0.8404
32.63,1.0954
32.64,1.1064
32.65,1.0286
32.660000000000004,0.917
32.67,0.7487
32.68,0.83
32.69,0.7807
32.7,0.5871
32.71,0.4997
32.72,0.3042
32.730000000000004,0.2662
32.74,0.0892
32.75,0.0639
32.76,-0.1957
32.77,-0.2833
32.78,-0.3459
32.79,-0.5929
32.8,-0.4016
32.81,-0.6924
32.82,-0.7943
32.83,-0.779
32.84,-0.9493
32.85,-0.7403
32.86,-0.9091
32.87,-1.0655
32.88,-0.9218
32.89,-0.9699
32.9,-1.1282
32.910000000000004,-0.912
32.92,-0.8273
32.93,-0.7444
32.94,-0.6312
32.95,-0.5876
32.96,-0.4897
32.97,-0.4073
32.980000000000004,-0.1566
32.99,-0.0393
33.0,-0.0024
33.01,2.6839
33.02,0.4187
33.03,0.4298
33.04,0.6265
33.05,0.625
33.06,0.681
33.07,0.841
33.08,0.6817
33.09,0.8813
33.1,0.802
33.11,1.0739
33.12,0.9263
33.13,1.0691
33.14,1.0632
33.15,0.9843
33.160000000000004,0.7196
33.17,0.7593
33.18,0.6673
33.19,0.4772
33.2,0.7419
33.21,0.5905
33.22,0.3802
33.230000000000004,0.2669
33.24,0.1346
33.25,0.1615
33.26,-0.0373
33.27,-0.1443
33.28,-0.3657
33.29,-0.4103
33.3,-0.6698
33.31,-0.5922
33.32,-0.8426
33.33,-0.8234
33.34,-0.708
33.35,-0.9689
33.36,-0.8418
33.37,-1.0095
33.38,-1.0138
33.39,-1.0336
33.4,-0.9702
33.410000000000004,-0.7968
33.42,-0.9117
33.43,-0.634
33.44,-0.5463
33.45,-0.4963
33.46,-0.537
33.47,-0.4375
33.480000000000004,-0.3014
33.49,-0.109
33.5,0.0719
33.51,0.0872
33.52,0.2226
33.53,0.2537
33.54,0.4752
33.55,0.531
33.56,0.7872
33.57,0.8464
33.58,0.8879
33.59,0.9768
33.6,0.7942
33.61,0.9046
33.62,1.0589
33.63,1.1114
33.64,1.093
33.65,0.9119
33.660000000000004,0.7279
33.67,0.7717
33.68,0.7872
33.69,0.6442
33.7,0.6545
33.71,0.5195
33.72,0.3413
33.730000000000004,0.1097
33.74,0.0241
33.75,-0.0541
33.76,-0.1856
33.77,-0.3196
33.78,-0.3334
33.79,-0.4916
33.8,-0.7043
33.81,-0.7669
33.82,-0.6579
33.83,-0.8677
33.84,-1.0062
33.85,-1.0321
33.86,-0.8405
33.87,-1.0526
33.88,-1.0555
33.89,-0.8855
33.9,-1.1321
33.910000000000004,-0.8711
33.92,-0.9619
33.93,-0.9406
33.94,-0.6797
33.95,-0.6776
33.96,-0.5651
33.97,-0.5078
33.980000000000004,-0.1534
33.99,-0.0608
34.0,-0.0492
34.01,0.1035
34.02,0.1003
34.03,0.3642
34.04,0.324
34.05,0.6484
34.06,0.4897
34.07,0.6934
34.08,0.8336
34.09,1.0839
34.1,1.1013
34.11,0.7967
34.12,1.0403
34.13,0.8795
34.14,0.9566
34.15,0.9631
34.160000000000004,0.923
34.17,0.6764
34.18,0.798
34.19,0.6296
34.2,0.4943
34.21,0.5952
34.22,0.5219
34.230000000000004,0.1387
34.24,0.1516
34.25,0.2101
34.26,-0.0436
34.27,-0.2528
34.28,-0.2823
34.29,-0.38
34.300000000000004,-0.3141
34.31,-0.6398
34.32,-0.8461
34.33,-0.7629
34.34,-0.9491
34.35,-1.1102
34.36,-1.0323
34.37,-0.9603
34.38,-0.9782
34.39,-1.0467
34.4,-1.0401
34.410000000000004,-1.0835
34.42,-0.8304
34.43,-0.892
34.44,-0.6382
34.45,-0.6046
34.46,-0.346
34.47,-0.2427
34.480000000000004,-0.3195
34.49,-0.1531
34.5,-0.0265
34.51,0.3155
34.52,0.3021
34.53,0.3371
34.54,0.4577
34.550000000000004,0.483
34.56,0.6591
34.57,0.8155
34.58,0.8165
34.59,0.8733
34.6,0.7765
34.61,1.0897
34.62,1.0413
34.63,0.7751
34.64,0.9622
34.65,0.8914
34.660000000000004,0.9295
34.67,0.7578
34.68,0.8186
34.69,0.8254
34.7,0.603
34.71,0.3787
34.72,0.2745
34.730000000000004,0.1954
34.74,0.221
34.75,0.2156
34.76,-0.3269
34.77,-0.2722
34.78,-0.2604
34.79,-0.3554
34.800000000000004,-0.5019
34.81,-0.6243
34.82,-0.6326
34.83,-0.7256
34.84,-0.8517
34.85,-0.9675
34.86,-0.9297
34.87,-0.942
34.88,-1.1383
34.89,-0.9062
34.9,-0.9337
34.910000000000004,-0.7678
34.92,-0.7929
34.93,-0.6831
34.94,-0.5491
34.95,-0.6202
34.96,-0.4045
34.97,-0.3073
34.980000000000004,-0.1843
34.99,-0.0936
35.0,0.0443
35.01,0.1336
35.02,0.374
35.03,0.3636
35.04,0.492
35.050000000000004,0.4996
35.06,0.8424
35.07,0.7703
35.08,1.0348
35.09,0.7589
35.1,1.1213
35.11,0.8972
35.12,1.0894
35.13,1.0085
35.14,0.9494
35.15,0.9289
35.160000000000004,0.9084
35.17,0.9044
35.18,0.6649
35.19,0.6687
35.2,0.4808
35.21,0.5781
35.22,0.2858
35.230000000000004,0.1198
35.24,0.3285
35.25,0.1581
35.26,-0.0512
35.27,-0.2283
35.28,-0.3613
35.29,-0.4183
35.300000000000004,-0.6886
35.31,-0.7018
35.32,-0.807
35.33,-0.8657
35.34,-0.651
35.35,-1.2882
35.36,-0.9914
35.37,-0.937
35.38,-0.9327
35.39,-0.808
35.4,-0.9182
35.410000000000004,-0.9438
35.42,-0.9194
35.43,-0.5991
35.44,-0.728
35.45,-0.4235
35.46,-0.3489
35.47,-0.2886
35.480000000000004,-0.2099
35.49,-0.127
35.5,-0.0077
35.51,0.23
35.52,0.2527
35.53,0.2333
35.54,0.5504
35.550000000000004,0.7135
35.56,0.8456
35.57,0.854
35.58,0.7924
35.59,1.0907
35.6,0.9404
35.61,0.9814
35.62,1.0368
35.63,0.9533
35.64,0.8904
35.65,0.7951
35.660000000000004,0.6146
35.67,0.9724
35.68,0.8745
35.69,0.6783
35.7,0.5952
35.71,0.4514
35.72,0.3908
35.730000000000004,0.1816
35.74,0.3669
35.75,0.1144
35.76,-0.2075
35.77,-0.1594
35.78,-0.2509
35.79,-0.6123
35.800000000000004,-0.5789
35.81,-0.6512
35.82,-0.7679
35.83,-0.8548
35.84,-0.8757
35.85,-0.9484
35.86,-0.8829
35.87,-0.9417
35.88,-0.8745
35.89,-1.0011
35.9,-0.963
35.910000000000004,-0.8316
35.92,-0.8566
35.93,-0.7917
35.94,-0.6236
35.95,-0.4627
35.96,-0.3968
35.97,-0.6219
35.980000000000004,-0.0432
35.99,-0.2699
36.0,-0.1077
36.01,0.0297
36.02,0.2721
36.03,0.4169
36.04,0.4355
36.050000000000004,0.6128
36.06,0.5239
36.07,0.7457
36.08,0.8302
36.09,0.799
36.1,0.9275
36.11,0.9897
36.12,0.9038
36.13,0.9036
36.14,1.0348
36.15,1.0611
36.160000000000004,1.0036
36.17,0.9026
36.18,0.7458
36.19,0.7393
36.2,0.6363
36.21,0.3866
36.22,0.5739
36.230000000000004,0.2019
36.24,0.2258
36.25,-0.0721
36.26,-0.2917
36.27,-0.3214
36.28,-0.3948
36.29,-0.6042
36.300000000000004,-0.5295
36.31,-0.7175
36.32,-0.8646
36.33,-0.8554
36.34,-0.9198
36.35,-1.0829
36.36,-1.1036
36.37,-1.0423
36.38,-0.9715
36.39,-1.1212
36.4,-1.1093
36.410000000000004,-0.9493
36.42,-1.0191
36.43,-0.9572
36.44,-0.7093
36.45,-0.6653
36.46,-0.5417
36.47,-0.2046
36.480000000000004,-0.3365
36.49,-0.0531
36.5,-0.008
36.51,0.2287
36.52,0.2808
36.53,0.3861
36.54,0.4156
36.550000000000004,0.6239
36.56,0.9341
36.57,0.9193
36.58,0.6893
36.59,3.2178
36.6,1.1077
36.61,0.7873
36.62,1.0648
36.63,1.0618
36.64,1.103
36.65,1.0232
36.660000000000004,0.7764
36.67,0.8402
36.68,0.9382
36.69,0.8861
36.7,0.4231
36.71,0.374
36.72,0.412
36.730000000000004,0.1691
36.74,0.0264
36.75,-0.0054
36.76,-0.054
36.77,-0.2181
36.78,-0.4419
36.79,-0.5824
36.800000000000004,-0.6044
36.81,-0.6151
36.82,-0.8912
36.83,-0.8922
36.84,-0.8819
36.85,-0.9348
36.86,-0.8965
36.87,-0.9224
36.88,-1.0203
36.89,-0.8911
36.9,-0.8676
36.910000000000004,-0.9931
36.92,-0.8092
36.93,-0.8313
36.94,-0.7246
36.95,-0.7636
36.96,-0.4088
36.97,-0.449
36.980000000000004,-0.1556
36.99,-0.2949
37.0,0.0602
37.01,0.4179
37.02,0.2239
37.03,0.324
37.04,0.3254
37.050000000000004,0.6599
37.06,0.5842
37.07,0.8598
37.08,1.0368
37.09,0.9781
37.1,1.0228
37.11,1.1116
37.12,1.0602
37.13,0.8164
37.14,0.9373
37.15,0.7744
37.160000000000004,0.8749
37.17,0.6977
37.18,0.7619
37.19,0.7753
37.2,0.6145
37.21,0.6018
37.22,0.2401
37.230000000000004,0.0386
37.24,-0.0473
37.25,0.2794
37.26,-0.2252
37.27,-0.2388
37.28,-0.5038
37.29,-0.4604
37.300000000000004,-0.4363
37.31,-0.7382
37.32,-0.6955
37.33,-0.9965
37.34,-0.9787
37.35,-1.0979
37.36,-1.0469
37.37,-0.903
37.38,-1.0503
37.39,-0.9425
37.4,-1.092
37.410000000000004,-0.7461
37.42,-1.0238
37.43,-0.7841
37.44,-0.5707
37.45,-0.6068
37.46,-0.4778
37.47,-0.3405
37.480000000000004,-0.1415
37.49,-0.1609
37.5,-0.1805
37.51,0.1168
37.52,0.1044
37.53,0.3621
37.54,0.4032
37.550000000000004,0.6685
37.56,0.7213
37.57,0.675
37.58,0.8889
37.59,0.9732
37.6,1.0449
37.61,1.0135
37.62,0.9144
37.63,1.0391
37.64,1.1485
37.65,0.9395
37.660000000000004,1.0324
37.67,0.7207
37.68,0.7376
37.69,0.632
37.7,0.5803
37.71,0.5581
37.72,0.3098
37.730000000000004,0.279
37.74,0.1869
37.75,-0.09
37.76,-0.0273
37.77,-0.2391
37.78,-0.4944
37.79,-0.5004
37.800000000000004,-0.5849
37.81,-0.5938
37.82,-0.8654
37.83,-0.8515
37.84,-0.804
37.85,-1.1085
37.86,-1.1252
37.87,-1.0169
37.88,-1.0545
37.89,-1.0354
37.9,-0.7482
37.910000000000004,-1.0069
37.92,-1.0458
37.93,-0.8817
37.94,-0.544
37.95,-0.6508
37.96,-0.5852
37.97,-0.4284
37.980000000000004,-0.3118
37.99,-0.083
38.0,0.1342
38.01,0.0724
38.02,0.2623
38.03,0.2867
38.04,0.553
38.050000000000004,0.5722
38.06,0.5831
38.07,0.7677
38.08,1.0271
38.09,0.8774
38.1,0.9227
38.11,0.956
38.12,0.829
38.13,0.9992
38.14,0.9589
38.15,1.0387
38.160000000000004,1.0281
38.17,0.8798
38.18,0.6237
38.19,0.7095
38.2,0.4513
38.21,0.4352
38.22,0.4625
38.230000000000004,0.1328
38.24,0.0329
38.25,0.1388
38.26,-0.3498
38.27,-0.1405
38.28,-0.2239
38.29,-0.4014
38.300000000000004,-0.6643
38.31,-0.7387
38.32,-0.8927
38.33,-1.0628
38.34,-0.9529
38.35,-0.9127
38.36,-0.9366
38.37,-0.9758
38.38,-0.8922
38.39,-1.0293
38.4,-0.9546
38.410000000000004,-1.1173
38.42,-0.5806
38.43,-0.7525
38.44,-0.7211
38.45,-0.5507
38.46,-0.4613
38.47,-0.3482
38.480000000000004,-0.2915
38.49,0.1432
38.5,0.0978
38.51,0.1086
38.52,0.3318
38.53,0.5581
38.54,0.5201
38.550000000000004,0.5976
38.56,0.6696
38.57,0.6506
38.58,0.8696
38.59,0.836
38.6,0.9114
38.61,1.0763
38.62,0.9932
38.63,1.0382
38.64,1.1655
38.65,0.7841
38.660000000000004,0.8621
38.67,0.7504
38.68,0.8683
38.69,0.6029
38.7,0.6374
38.71,0.3972
38.72,0.4325
38.730000000000004,0.3867
38.74,0.0364
38.75,-0.0313
38.76,-0.0732
38.77,-0.2705
38.78,-0.3524
38.79,-0.4645
38.800000000000004,-0.6566
38.81,-0.807
38.82,-0.8224
38.83,-0.9471
38.84,2.0872
38.85,-1.0277
38.86,-1.0103
38.87,-1.0258
38.88,-1.0321
38.89,-0.9415
38.9,-1.0864
38.910000000000004,-0.8747
38.92,-0.9577
38.93,-0.7773
38.94,-0.7651
38.95,-0.5391
38.96,-0.4473
38.97,-0.4352
38.980000000000004,-0.336
38.99,-0.1286
39.0,-0.0324
39.01,0.0298
39.02,0.172
39.03,0.4875
39.04,0.4728
39.050000000000004,0.5545
39.06,0.7204
39.07,0.6507
39.08,0.7455
39.09,0.905
39.1,1.1542
39.11,0.9401
39.12,1.004
39.13,0.7746
39.14,0.9711
39.15,0.9661
39.160000000000004,0.8077
39.17,0.7517
39.18,0.7039
39.19,0.6838
39.2,0.6522
39.21,0.4881
39.22,0.5153
39.230000000000004,0.2572
39.24,-0.0398
39.25,0.0791
39.26,0.0002
39.27,-0.386
39.28,-0.2278
39.29,-0.4758
39.300000000000004,-0.7409
39.31,-0.8036
39.32,-0.8851
39.33,-0.8065
39.34,-1.1477
39.35,-0.9562
39.36,-0.9502
39.37,-0.9758
39.38,-0.9501
39.39,-0.8134
39.4,-0.9364
39.410000000000004,-0.9268
39.42,-0.8921
39.43,-0.9356
39.44,-0.6544
39.45,-0.5447
39.46,-0.4836
39.47,-0.3099
39.480000000000004,-0.3128
39.49,-0.1414
39.5,0.1033
39.51,0.0676
39.52,0.1656
39.53,0.4065
39.54,0.4682
39.550000000000004,0.5114
39.56,0.6023
39.57,0.7781
39.58,0.7882
39.59,0.811
39.6,1.065
39.61,1.0181
39.62,0.9591
39.63,1.0168
39.64,0.9646
39.65,1.0303
39.660000000000004,0.982
39.67,0.7149
39.68,0.7434
39.69,0.6976
39.7,0.6036
39.71,0.6168
39.72,0.4225
39.730000000000004,0.282
39.74,0.2068
39.75,-0.1242
39.76,-0.1938
39.77,-0.3122
39.78,-0.2409
39.79,-0.5356
39.800000000000004,-0.4842
39.81,-0.8241
39.82,-0.6722
39.83,-0.9711
39.84,-1.015
39.85,-0.9548
39.86,-1.0644
39.87,-1.121
39.88,-1.0592
39.89,-0.9572
39.9,-0.9972
39.910000000000004,-0.9015
39.92,-0.5261
39.93,-0.8106
39.94,-0.7099
39.95,-0.6113
39.96,-0.2703
39.97,-0.3448
39.980000000000004,-0.2066
39.99,-0.15
40.0,0.1596
40.01,0.0624
40.02,0.1014
40.03,0.332
40.04,0.5978
40.050000000000004,0.3882
40.06,0.665
40.07,0.7813
40.08,0.7598
40.09,0.803
40.1,0.9286
40.11,0.9394
40.12,1.236
40.13,0.9875
40.14,1.0102
40.15,1.0153
40.160000000000004,0.8238
40.17,0.8349
40.18,0.7642
40.19,0.6571
40.2,0.6647
40.21,0.4642
40.22,0.419
40.230000000000004,0.1743
40.24,0.0783
40.25,0.133
40.26,-0.1428
40.27,-0.1569
40.28,-0.4491
40.29,-0.472
40.300000000000004,-0.6933
40.31,-0.661
40.32,-0.8045
40.33,-0.7568
40.34,-0.845
40.35,-0.8225
40.36,-0.8618
40.37,2.2835
40.38,-0.9864
40.39,-0.9515
40.4,-1.0884
40.410000000000004,-0.9447
40.42,-0.9388
40.43,-0.7851
40.44,-0.5944
40.45,-0.601
40.46,-0.3553
40.47,-0.373
40.480000000000004,-0.2578
40.49,-0.1431
40.5,-0.1105
40.51,0.1357
40.52,0.2341
40.53,0.4002
40.54,0.2641
40.550000000000004,0.6763
40.56,0.6877
40.57,0.6552
40.58,0.6953
40.59,0.8327
40.6,0.8829
40.61,0.8315
40.62,1.0025
40.63,0.8912
40.64,0.7561
40.65,1.1259
40.660000000000004,1.0279
40.67,0.8209
40.68,0.7079
40.69,0.7829
40.7,0.6105
40.71,0.4381
40.72,0.4888
40.730000000000004,0.2456
40.74,0.1646
40.75,-0.1157
40.76,-0.2819
40.77,-0.1002
40.78,-0.5191
40.79,-0.4152
40.800000000000004,-0.5414
40.81,-0.5793
40.82,-0.7183
40.83,-0.6188
40.84,-0.881
40.85,-0.9668
40.86,-0.9692
40.87,-1.0775
40.88,-1.0484
40.89,-0.915
40.9,-0.9347
40.910000000000004,-0.9109
40.92,-0.9377
40.93,-0.7976
40.94,-0.5176
40.95,-0.531
40.96,-0.6875
40.97,-0.3753
40.980000000000004,-0.0962
40.99,-0.2467
41.0,0.0441
41.01,0.1545
41.02,0.2907
41.03,0.3167
41.04,0.4396
41.050000000000004,0.584
41.06,0.8141
41.07,0.568
41.08,0.8757
41.09,1.0184
41.1,0.9246
41.11,1.0616
41.12,1.1763
41.13,0.9608
41.14,1.0195
41.15,1.0103
41.160000000000004,0.9185
41.17,0.7925
41.18,0.8654
41.19,0.6526
41.2,0.5056
41.21,0.5169
41.22,0.3013
41.230000000000004,0.1269
41.24,0.1824
41.25,-0.0263
41.26,-0.0901
41.27,-0.4575
41.28,-0.3974
41.29,-0.5504
41.300000000000004,-0.7948
41.31,-0.6252
41.32,-0.8573
41.33,-0.8125
41.34,-0.9212
41.35,-1.0792
41.36,-1.0268
41.37,-0.9776
41.38,-1.0143
41.39,-1.2432
41.4,-0.9695
41.410000000000004,-1.056
41.42,-0.9655
41.43,-0.8019
41.44,-0.7118
41.45,-0.572
41.46,-0.3815
41.47,-0.315
41.480000000000004,-0.3025
41.49,-0.0378
41.5,-0.0634
41.51,-0.0036
41.52,0.1913
41.53,0.2037
41.54,0.5997
41.550000000000004,0.4705
41.56,0.7182
41.57,0.7054
41.58,0.8196
41.59,0.8234
41.6,0.9188
41.61,0.971
41.62,1.0324
41.63,0.9808
41.64,1.172
41.65,1.1302
41.660000000000004,0.8311
41.67,0.7926
41.68,0.7639
41.69,0.6533
41.7,0.4701
41.71,0.4384
41.72,0.4592
41.730000000000004,0.1115
41.74,0.0586
41.75,0.0584
41.76,-0.1174
41.77,-0.3113
41.78,-0.3572
41.79,-0.5248
41.800000000000004,-0.7115
41.81,-0.6232
41.82,-0.6558
41.83,-0.8498
41.84,-0.7732
41.85,-0.8214
41.86,-0.898
41.87,-1.18
41.88,-0.976
41.89,-1.0212
41.9,-0.7055
41.910000000000004,-1.0897
41.92,-0.9074
41.93,-0.9035
41.94,-0.8308
41.95,-0.6289
41.96,-0.5393
41.97,-0.5081
41.980000000000004,-0.1895
41.99,0.1003
42.0,0.0738
42.01,0.2525
42.02,0.2008
42.03,0.4376
42.04,0.5361
42.050000000000004,0.5816
42.06,0.7015
42.07,0.695
42.08,0.7929
42.09,1.0533
42.1,0.8648
42.11,0.8791
42.12,0.9413
42.13,0.9764
42.14,1.0761
42.15,0.9185
42.160000000000004,0.8464
42.17,0.8135
42.18,0.9042
42.19,0.6587
42.2,0.7514
42.21,0.4043
42.22,0.3759
42.230000000000004,0.2214
42.24,0.1555
42.25,-0.0042
42.26,-0.1911
42.27,-0.2417
42.28,-0.3748
42.29,-0.5017
42.300000000000004,-0.4663
42.31,-0.8914
42.32,-0.7171
42.33,-0.9813
42.34,-1.0793
42.35,-0.9899
42.36,-1.0005
42.37,-1.0842
42.38,-1.1121
42.39,-1.0084
42.4,-0.8579
42.410000000000004,-0.8741
42.42,-0.7817
42.43,-0.8548
42.44,-0.7709
42.45,-0.6462
42.46,-0.3986
42.47,-0.5417
42.480000000000004,-0.2322
42.49,-0.1373
42.5,-0.1438
42.51,0.1573
42.52,0.2809
42.53,0.2739
42.54,0.5311
42.550000000000004,0.5157
42.56,0.5851
42.57,0.9549
42.58,0.872
42.59,0.8213
42.6,1.0255
42.61,0.988
42.62,0.8183
42.63,1.1082
42.64,1.0453
42.65,0.6193
42.660000000000004,0.8917
42.67,1.0432
42.68,0.8413
42.69,0.7373
42.7,0.6306
42.71,0.5479
42.72,0.1933
42.730000000000004,0.2824
42.74,0.1301
42.75,-0.1657
42.76,-0.1797
42.77,-0.245
42.78,-0.5013
42.79,-0.6327
42.800000000000004,-0.561
42.81,-0.8265
42.82,-0.5944
42.83,-0.8885
42.84,-0.8087
42.85,-0.8219
42.86,-1.098
42.87,-0.9897
42.88,-0.9275
42.89,-0.9457
42.9,-1.0208
42.910000000000004,-0.8757
42.92,-0.6704
42.93,-0.7339
42.94,-0.7897
42.95,-0.6327
42.96,-0.4868
42.97,-0.3666
42.980000000000004,-0.1808
42.99,-0.2326
43.0,-0.1246
43.01,0.2333
43.02,0.3399
43.03,0.4443
43.04,0.3996
43.050000000000004,0.4976
43.06,0.5406
43.07,0.7965
43.08,0.7632
43.09,0.9821
43.1,0.9876
43.11,4.0853
43.12,1.0319
43.13,0.9377
43.14,0.8432
43.15,1.028
43.160000000000004,0.7404
43.17,0.7921
43.18,0.8848
43.19,0.6517
43.2,0.6362
43.21,0.4109
43.22,0.3283
43.230000000000004,0.2671
43.24,0.185
43.25,-0.1192
43.26,-0.0688
43.27,-0.3131
43.28,-0.4652
43.29,-0.3159
43.300000000000004,-0.6232
43.31,-0.8263
43.32,-0.6673
43.33,-1.0223
43.34,-0.7848
43.35,-0.8582
43.36,-1.0599
43.37,-0.9962
43.38,-1.1044
43.39,-1.0732
43.4,-0.7681
43.410000000000004,-0.911
43.42,-0.9064
43.43,-0.874
43.44,-0.7878
43.45,-0.6627
43.46,-0.2557
43.47,-0.3974
43.480000000000004,-0.2326
43.49,-0.1579
43.5,0.1638
43.51,-0.0463
43.52,0.3186
43.53,0.3797
43.54,0.6132
43.550000000000004,0.73
43.56,0.5229
43.57,0.8179
43.58,0.8635
43.59,0.8563
43.6,1.1677
43.61,0.9168
43.62,1.1051
43.63,0.8113
43.64,1.1175
43.65,0.9129
43.660000000000004,0.7285
43.67,0.7547
43.68,0.6437
43.69,0.7202
43.7,0.6659
43.71,0.3304
43.72,0.3282
43.730000000000004,0.0991
43.74,0.2135
43.75,-0.0115
43.76,-0.1558
43.77,-0.2483
43.78,-0.3193
43.79,-0.3698
43.800000000000004,-0.5746
43.81,-0.6748
43.82,-0.8285
43.83,-0.7851
43.84,-0.7699
43.85,-0.8301
43.86,-0.8292
43.87,-1.0127
43.88,-0.9824
43.89,-0.9183
43.9,-0.8115
43.910000000000004,-1.017
43.92,-1.0612
43.93,-0.8009
43.94,-0.6988
43.95,-0.6324
43.96,-0.3833
43.97,-0.42
43.980000000000004,-0.1902
43.99,-0.1808
44.0,0.1277
44.01,0.2717
44.02,0.225
44.03,0.3242
44.04,0.615
44.050000000000004,0.6565
44.06,0.6753
44.07,0.826
44.08,0.9384
44.09,0.9907
44.1,0.8558
44.11,1.0873
44.12,0.9438
44.13,1.1355
44.14,1.1992
44.15,0.9965
44.160000000000004,0.848
44.17,0.76
44.18,0.7376
44.19,0.5708
44.2,0.618
44.21,0.6206
44.22,0.288
44.230000000000004,0.1896
44.24,0.2003
44.25,0.0066
44.26,-0.0854
44.27,-0.0784
44.28,-0.3641
44.29,-0.5273
44.300000000000004,-0.743
44.31,-0.6166
44.32,-0.5012
44.33,-0.8241
44.34,-0.9293
44.35,-0.8592
44.36,-1.0603
44.37,-0.79
44.38,-0.9451
44.39,-0.8753
44.4,-1.0508
44.410000000000004,-0.8056
44.42,-0.6966
44.43,-0.7099
44.44,-0.7294
44.45,-0.8167
44.46,-0.655
44.47,-0.1476
44.480000000000004,-0.3405
44.49,-0.1884
44.5,-0.0207
44.51,0.1445
44.52,0.0801
44.53,0.1677
44.54,0.6649
44.550000000000004,0.4084
44.56,0.6256
44.57,0.7266
44.58,0.7632
44.59,0.7554
44.6,1.0365
44.61,1.0204
44.62,0.9992
44.63,0.9534
44.64,0.8765
44.65,0.8667
44.660000000000004,0.8287
44.67,0.9335
44.68,0.8382
44.69,0.6785
44.7,0.7733
44.71,0.397
44.72,0.4869
44.730000000000004,0.035
44.74,0.1238
44.75,-0.1684
44.76,-0.0645
44.77,-0.2472
44.78,-0.3933
44.79,-0.5573
44.800000000000004,-0.6469
44.81,-0.5106
44.82,-0.8447
44.83,-0.9788
44.84,-0.9243
44.85,-0.9018
44.86,-0.9538
44.87,-0.9909
44.88,-1.0072
44.89,-0.9249
44.9,-0.9448
44.910000000000004,-1.0334
44.92,-0.7
44.93,-0.7462
44.94,-0.6885
44.95,-0.4811
44.96,-0.4518
44.97,-0.4443
44.980000000000004,-0.5232
44.99,-0.0401
45.0,0.0498
45.01,0.1615
45.02,-0.0905
45.03,0.4324
45.04,0.5228
45.050000000000004,0.6206
45.06,0.687
45.07,0.8453
45.08,0.9234
45.09,0.9551
45.1,0.9582
45.11,0.7734
45.12,0.8996
45.13,0.8735
45.14,0.9204
45.15,0.9386
45.160000000000004,0.9349
45.17,0.8905
45.18,0.7422
45.19,0.8588
45.2,0.4953
45.21,0.6484
45.22,0.2856
45.230000000000004,0.1337
45.24,0.2327
45.25,0.1181
45.26,-0.1798
45.27,-0.1347
45.28,-0.458
45.29,-0.3453
45.300000000000004,2.7842
45.31,-0.5732
45.32,-0.9633
45.33,-0.8278
45.34,-0.8831
45.35,-0.7632
45.36,-1.0275
45.37,-1.033
45.38,-0.9042
45.39,-0.9881
45.4,-0.7608
45.410000000000004,-0.8415
45.42,-0.7096
45.43,-0.78
45.44,-0.6753
45.45,-0.448
45.46,-0.5908
45.47,-0.3428
45.480000000000004,-0.3701
45.49,-0.0415
45.5,-0.1006
45.51,0.1431
45.52,0.1611
45.53,0.3464
45.54,0.5265
45.550000000000004,0.6918
45.56,0.6075
45.57,0.677
45.58,0.8644
45.59,0.8901
45.6,1.0675
45.61,0.9282
45.62,1.0824
45.63,1.2472
45.64,0.9804
45.65,0.9351
45.660000000000004,0.9405
45.67,0.9177
45.68,0.7543
45.69,0.6701
45.7,0.6176
45.71,0.4742
45.72,0.4745
45.730000000000004,0.2749
45.74,-0.0125
45.75,-0.0849
45.76,-0.3344
45.77,-0.2206
45.78,-0.446
45.79,-0.4256
45.800000000000004,-0.4897
45.81,-0.4885
45.82,-0.8163
45.83,-0.8014
45.84,-0.8504
45.85,-1.071
45.86,-0.9435
45.87,-1.0184
45.88,-1.1636
45.89,-0.8713
45.9,-0.8842
45.910000000000004,-1.0552
45.92,-0.6475
45.93,-0.6809
45.94,-0.6524
45.95,-0.5081
45.96,-0.43
45.97,-0.4692
45.980000000000004,-0.2979
45.99,-0.1221
46.0,3.002
46.01,0.2421
46.02,0.1235
46.03,0.2928
46.04,0.5959
46.050000000000004,0.5423
46.06,0.7115
46.07,0.5092
46.08,0.7036
46.09,1.0997
46.1,1.1587
46.11,1.1227
46.12,1.0247
46.13,0.9454
46.14,0.9095
46.15,1.0595
46.160000000000004,0.7218
46.17,1.2519
46.18,0.9134
46.19,0.553
46.2,0.7237
46.21,0.4373
46.22,0.3451
46.230000000000004,0.224
46.24,0.1583
46.25,-0.0289
46.26,-0.2535
46.27,-0.1572
46.28,-0.2671
46.29,-0.5387
46.300000000000004,-0.4862
46.31,-0.8099
46.32,-0.9167
46.33,-0.7242
46.34,-0.9031
46.35,-0.7511
46.36,-0.9158
46.37,-1.1158
46.38,-1.0086
46.39,-1.0718
46.4,-0.8824
46.410000000000004,-0.8974
46.42,-0.8944
46.43,-0.6533
46.44,-0.633
46.45,-0.5879
46.46,-0.5172
46.47,-0.5285
46.480000000000004,-0.4091
46.49,-0.0603
46.5,0.0481
46.51,0.1148
46.52,0.2674
46.53,0.4146
46.54,0.543
46.550000000000004,0.4906
46.56,0.6087
46.57,0.8516
46.58,0.9967
46.59,0.8362
46.6,0.8081
46.61,0.9626
46.62,0.9288
46.63,1.0188
46.64,0.9877
46.65,1.0286
46.660000000000004,1.0724
46.67,0.7463
46.68,0.8203
46.69,0.5278
46.7,0.6628
46.71,0.4858
46.72,0.4899
46.730000000000004,0.0714
46.74,0.2111
46.75,-0.0014
46.76,-0.345
46.77,-0.1732
46.78,-0.2685
46.79,-0.5073
46.800000000000004,-0.4061
46.81,-0.6638
46.82,-0.8058
46.83,-0.8673
46.84,-0.7214
46.85,-0.9205
46.86,1.4916
46.87,-1.0186
46.88,-1.2187
46.89,-0.8838
46.9,-0.9428
46.910000000000004,-1.0853
46.92,-0.7898
46.93,-0.7516
46.94,-0.5618
46.95,-0.418
46.96,-0.5596
46.97,-0.3127
46.980000000000004,-0.3711
46.99,-0.0373
47.0,-0.048
47.01,0.1661
47.02,0.4058
47.03,0.2658
47.04,0.5413
47.050000000000004,0.5352
47.06,0.5244
47.07,0.7293
47.08,0.8108
47.09,0.9511
47.1,1.0278
47.11,0.9295
47.12,0.8997
47.13,0.963
47.14,0.9539
47.15,1.0125
47.160000000000004,1.0159
47.17,0.7841
47.18,0.8383
47.19,0.8555
47.2,0.6065
47.21,0.3125
47.22,0.2363
47.230000000000004,0.3793
47.24,0.0643
47.25,-0.1092
47.26,-0.2168
47.27,-0.2974
47.28,-0.1813
47.29,-0.7854
47.300000000000004,-0.6251
47.31,-0.8176
47.32,-0.8096
47.33,-0.8875
47.34,-0.9597
47.35,-0.9922
47.36,-0.9284
47.37,-1.0763
47.38,-0.9595
47.39,-1.0063
47.4,-0.9802
47.410000000000004,-1.0347
47.42,-0.8002
47.43,-0.5511
47.44,-0.7091
47.45,-0.5976
47.46,-0.4244
47.47,-0.2735
47.480000000000004,-0.2415
47.49,-0.4017
47.5,-0.2212
47.51,0.127
47.52,0.2971
47.53,0.3359
47.54,0.838
47.550000000000004,0.428
47.56,0.6861
47.57,0.8804
47.58,0.9194
47.59,0.9722
47.6,1.0159
47.61,0.8078
47.62,1.0622
47.63,1.1543
47.64,1.1701
47.65,0.8652
47.660000000000004,0.8931
47.67,0.673
47.68,0.8458
47.69,0.7546
47.7,0.7048
47.71,0.4282
47.72,0.3801
47.730000000000004,0.2438
47.74,0.0453
47.75,0.0981
47.76,-0.0113
47.77,-0.327
47.78,-0.1116
47.79,-0.4994
47.800000000000004,-0.4742
47.81,-0.9355
47.82,-0.7573
47.83,-0.858
47.84,-1.0139
47.85,-1.1047
47.86,-1.1765
47.870000000000005,-0.9434
47.88,-0.981
47.89,-1.148
47.9,-0.9883
47.910000000000004,-0.9558
47.92,-0.7563
47.93,-0.7235
47.94,-0.6803
47.95,-0.5547
47.96,-0.3478
47.97,-0.3973
47.980000000000004,-0.2102
47.99,-0.0252
48.0,-0.1783
48.01,0.1166
48.02,0.2208
48.03,0.4142
48.04,0.4437
48.050000000000004,0.6075
48.06,0.7557
48.07,0.7867
48.08,0.742
48.09,0.8558
48.1,1.0473
48.11,0.9113
48.120000000000005,0.9959
48.13,0.8286
48.14,0.9033
48.15,0.9581
48.160000000000004,1.0421
48.17,0.8576
48.18,0.654
48.19,0.7549
48.2,0.6155
48.21,0.3822
48.22,0.3209
48.230000000000004,0.3166
48.24,0.1865
48.25,0.0706
48.26,-0.0131
48.27,-0.3558
48.28,-0.5055
48.29,-0.4897
48.300000000000004,-0.6509
48.31,-0.5971
48.32,-0.7376
48.33,-0.9579
48.34,-0.9269
48.35,-0.9875
48.36,-1.2163
48.370000000000005,-0.8447
48.38,-1.1335
48.39,1.4066
48.4,-0.8353
48.410000000000004,-0.8959
48.42,-0.6663
48.43,-0.7999
48.44,-0.5604
48.45,-0.4204
48.46,-0.5079
48.47,-0.3656
48.480000000000004,-0.2769
48.49,-0.0079
48.5,0.0484
48.51,0.0921
48.52,0.3453
48.53,0.2994
48.54,0.6574
48.550000000000004,0.6317
48.56,0.7909
48.57,0.7448
48.58,0.9357
48.59,0.9904
48.6,0.8676
48.61,0.8852
48.620000000000005,1.135
48.63,1.0533
48.64,1.0088
48.65,0.7573
48.660000000000004,0.8124
48.67,0.8705
48.68,0.8299
48.69,0.7261
48.7,0.5921
48.71,0.5134
48.72,0.4305
48.730000000000004,0.3171
48.74,0.3333
48.75,0.0817
48.76,0.0092
48.77,-0.2414
48.78,-0.3686
48.79,-0.3891
48.800000000000004,-0.6507
48.81,-0.8572
48.82,-0.8165
48.83,-0.968
48.84,-0.7156
48.85,-1.0762
48.86,-1.0732
48.870000000000005,-0.9841
48.88,-0.8585
48.89,-0.8043
48.9,-0.8283
48.910000000000004,-0.9413
48.92,-0.752
48.93,-0.8159
48.94,-0.7937
48.95,-0.4837
48.96,-0.3953
48.97,-0.4236
48.980000000000004,-0.3316
48.99,-0.0936
49.0,0.0735
49.01,0.181
49.02,0.2983
49.03,0.4773
49.04,0.4261
49.050000000000004,0.6503
49.06,0.7693
49.07,0.7588
49.08,0.9962
49.09,0.9621
49.1,0.9675
49.11,0.6908
49.120000000000005,0.8502
49.13,1.0362
49.14,0.989
49.15,1.0431
49.160000000000004,0.7054
49.17,0.8379
49.18,0.6671
49.19,0.6288
49.2,0.6612
49.21,0.7572
49.22,0.31
49.230000000000004,0.2729
49.24,0.1541
49.25,-0.0784
49.26,-0.1077
49.27,-0.3441
49.28,-0.3499
49.29,-0.3846
49.300000000000004,2.1149
49.31,-0.9083
49.32,-0.7756
49.33,-0.8547
49.34,-0.882
49.35,-0.8834
49.36,-1.0653
49.370000000000005,-1.1023
49.38,-0.981
49.39,-1.0658
49.4,-0.9287
49.410000000000004,-0.9907
49.42,-0.8598
49.43,-0.8303
49.44,-0.7288
49.45,-0.5604
49.46,-0.4827
49.47,-0.4879
49.480000000000004,-0.2643
49.49,0.0674
49.5,0.0504
49.51,0.0334
49.52,0.3144
49.53,0.3458
49.54,0.5859
49.550000000000004,0.469
49.56,0.716
49.57,0.8243
49.58,0.5983
49.59,0.9497
49.6,0.9975
49.61,1.0329
49.620000000000005,0.9188
49.63,0.9755
49.64,1.1234
49.65,0.8166
49.660000000000004,0.7045
49.67,0.7299
49.68,0.6544
49.69,0.7798
49.7,0.7239
49.71,0.3257
49.72,0.3139
49.730000000000004,0.2849
49.74,0.1541
49.75,0.1413
49.76,-0.3067
49.77,-0.2729
49.78,-0.3233
49.79,-0.5162
49.800000000000004,-0.61
49.81,-0.6458
49.82,-0.8488
49.83,-1.0257
49.84,-0.8746
49.85,-1.025
49.86,-0.8977
49.870000000000005,-1.0289
49.88,-1.0521
49.89,-1.0513
49.9,-0.9731
49.910000000000004,-0.8242
49.92,-0.8951
49.93,-0.8627
49.94,-0.7599
49.95,-0.6552
49.96,-0.5092
49.97,-0.3959
49.980000000000004,-0.0938
49.99,-0.1925
